Protein,Start,End,Sequence,Modification,Fragment,MaxUptake,MHP,State,Exposure,Center,Center SD,Uptake,Uptake SD,RT,RT SD
XYLE_ECOLI,1,9,MNTQYNSSY,,,8.000000,1107.441100,E397Q XylE apo,0.000000,1108.050119,0.029144,0.000000,0.000000,4.297870,0.005645
XYLE_ECOLI,1,9,MNTQYNSSY,,,8.000000,1107.441100,E397Q XylE apo,5.000000,1112.200771,0.065123,4.150652,0.071347,4.292068,0.002443
XYLE_ECOLI,1,9,MNTQYNSSY,,,8.000000,1107.441100,E397Q XylE apo,30.000002,1112.031809,0.048209,3.981690,0.056333,4.295650,0.002110
XYLE_ECOLI,1,9,MNTQYNSSY,,,8.000000,1107.441100,WT XylE apo,0.000000,1108.050119,0.029144,0.000000,0.000000,4.297870,0.005645
XYLE_ECOLI,1,9,MNTQYNSSY,,,8.000000,1107.441100,WT XylE apo,5.000000,1112.059257,0.023451,4.009138,0.037407,4.299423,0.003476
XYLE_ECOLI,1,9,MNTQYNSSY,,,8.000000,1107.441100,WT XylE apo,30.000002,1112.084915,0.012466,4.034796,0.031698,4.292154,0.003549
XYLE_ECOLI,15,23,LVATLGGLL,,,8.000000,856.550200,E397Q XylE apo,0.000000,856.999375,0.029189,0.000000,0.000000,6.795051,0.002283
XYLE_ECOLI,15,23,LVATLGGLL,,,8.000000,856.550200,E397Q XylE apo,5.000000,857.044500,0.007501,0.045126,0.030138,6.788012,0.001407
XYLE_ECOLI,15,23,LVATLGGLL,,,8.000000,856.550200,E397Q XylE apo,30.000002,856.994435,0.016224,-0.004940,0.033395,6.789632,0.002418
XYLE_ECOLI,15,23,LVATLGGLL,,,8.000000,856.550200,WT XylE apo,0.000000,856.999375,0.029189,0.000000,0.000000,6.795051,0.002283
XYLE_ECOLI,15,23,LVATLGGLL,,,8.000000,856.550200,WT XylE apo,5.000000,857.021215,0.005260,0.021840,0.029660,6.794199,0.001880
XYLE_ECOLI,15,23,LVATLGGLL,,,8.000000,856.550200,WT XylE apo,30.000002,857.026474,0.016732,0.027099,0.033645,6.788172,0.006487
XYLE_ECOLI,16,23,VATLGGLL,,,7.000000,743.466200,E397Q XylE apo,0.000000,744.191126,0.053497,0.000000,0.000000,6.404694,0.001526
XYLE_ECOLI,16,23,VATLGGLL,,,7.000000,743.466200,E397Q XylE apo,5.000000,744.332582,0.034641,0.141455,0.063733,6.400717,0.001953
XYLE_ECOLI,16,23,VATLGGLL,,,7.000000,743.466200,E397Q XylE apo,30.000002,744.250761,0.072142,0.059634,0.089813,6.407262,0.001999
XYLE_ECOLI,16,23,VATLGGLL,,,7.000000,743.466200,WT XylE apo,0.000000,744.191126,0.053497,0.000000,0.000000,6.404694,0.001526
XYLE_ECOLI,16,23,VATLGGLL,,,7.000000,743.466200,WT XylE apo,5.000000,744.306413,0.062811,0.115287,0.082506,6.405621,0.003056
XYLE_ECOLI,16,23,VATLGGLL,,,7.000000,743.466200,WT XylE apo,30.000002,744.308363,0.040455,0.117237,0.067071,6.403613,0.004609
XYLE_ECOLI,16,24,VATLGGLLF,,,8.000000,890.534600,E397Q XylE apo,0.000000,890.965283,0.044824,0.000000,0.000000,7.345739,0.002427
XYLE_ECOLI,16,24,VATLGGLLF,,,8.000000,890.534600,E397Q XylE apo,5.000000,890.981024,0.010310,0.015742,0.045994,7.340911,0.003718
XYLE_ECOLI,16,24,VATLGGLLF,,,8.000000,890.534600,E397Q XylE apo,30.000002,890.988280,0.015196,0.022998,0.047330,7.345370,0.002800
XYLE_ECOLI,16,24,VATLGGLLF,,,8.000000,890.534600,WT XylE apo,0.000000,890.965283,0.044824,0.000000,0.000000,7.345739,0.002427
XYLE_ECOLI,16,24,VATLGGLLF,,,8.000000,890.534600,WT XylE apo,5.000000,890.971587,0.021972,0.006304,0.049919,7.345440,0.000296
XYLE_ECOLI,16,24,VATLGGLLF,,,8.000000,890.534600,WT XylE apo,30.000002,890.968355,0.021414,0.003072,0.049676,7.338758,0.005666
XYLE_ECOLI,17,23,ATLGGLL,,,6.000000,644.397800,E397Q XylE apo,0.000000,644.688824,0.042526,0.000000,0.000000,6.198796,0.003419
XYLE_ECOLI,17,23,ATLGGLL,,,6.000000,644.397800,E397Q XylE apo,5.000000,644.818232,0.020049,0.129408,0.047015,6.195468,0.005653
XYLE_ECOLI,17,23,ATLGGLL,,,6.000000,644.397800,E397Q XylE apo,30.000002,644.708700,0.040107,0.019877,0.058456,6.196005,0.005598
XYLE_ECOLI,17,23,ATLGGLL,,,6.000000,644.397800,WT XylE apo,0.000000,644.688824,0.042526,0.000000,0.000000,6.198796,0.003419
XYLE_ECOLI,17,23,ATLGGLL,,,6.000000,644.397800,WT XylE apo,5.000000,644.780570,0.024811,0.091747,0.049235,6.202715,0.001842
XYLE_ECOLI,17,23,ATLGGLL,,,6.000000,644.397800,WT XylE apo,30.000002,644.833841,0.020670,0.145018,0.047283,6.194743,0.001989
XYLE_ECOLI,24,30,FGYDTAV,,,6.000000,772.351200,E397Q XylE apo,0.000000,772.871332,0.044990,0.000000,0.000000,5.276473,0.005384
XYLE_ECOLI,24,30,FGYDTAV,,,6.000000,772.351200,E397Q XylE apo,5.000000,772.960742,0.011692,0.089410,0.046484,5.270629,0.002312
XYLE_ECOLI,24,30,FGYDTAV,,,6.000000,772.351200,E397Q XylE apo,30.000002,772.957519,0.030630,0.086186,0.054427,5.274498,0.001556
XYLE_ECOLI,24,30,FGYDTAV,,,6.000000,772.351200,WT XylE apo,0.000000,772.871332,0.044990,0.000000,0.000000,5.276473,0.005384
XYLE_ECOLI,24,30,FGYDTAV,,,6.000000,772.351200,WT XylE apo,5.000000,772.927189,0.026711,0.055857,0.052322,5.279208,0.005638
XYLE_ECOLI,24,30,FGYDTAV,,,6.000000,772.351200,WT XylE apo,30.000002,772.929913,0.013112,0.058581,0.046862,5.272170,0.005563
XYLE_ECOLI,24,38,FGYDTAVISGTVESL,,,14.000000,1558.763500,E397Q XylE apo,0.000000,1559.715341,0.086012,0.000000,0.000000,6.499019,0.006152
XYLE_ECOLI,24,38,FGYDTAVISGTVESL,,,14.000000,1558.763500,E397Q XylE apo,5.000000,1560.119380,0.074239,0.404039,0.113620,6.493052,0.001090
XYLE_ECOLI,24,38,FGYDTAVISGTVESL,,,14.000000,1558.763500,E397Q XylE apo,30.000002,1560.658599,0.101196,0.943258,0.132811,6.493032,0.001655
XYLE_ECOLI,24,38,FGYDTAVISGTVESL,,,14.000000,1558.763500,WT XylE apo,0.000000,1559.715341,0.086012,0.000000,0.000000,6.499019,0.006152
XYLE_ECOLI,24,38,FGYDTAVISGTVESL,,,14.000000,1558.763500,WT XylE apo,5.000000,1560.791671,0.057483,1.076330,0.103452,6.483484,0.005579
XYLE_ECOLI,24,38,FGYDTAVISGTVESL,,,14.000000,1558.763500,WT XylE apo,30.000002,1561.924132,0.108543,2.208791,0.138491,6.480716,0.008243
XYLE_ECOLI,28,34,TAVISGT,,,6.000000,648.356300,E397Q XylE apo,0.000000,648.570609,0.021017,0.000000,0.000000,3.639609,0.020061
XYLE_ECOLI,28,34,TAVISGT,,,6.000000,648.356300,E397Q XylE apo,5.000000,648.573550,0.010729,0.002941,0.023597,3.637804,0.033116
XYLE_ECOLI,28,34,TAVISGT,,,6.000000,648.356300,E397Q XylE apo,30.000002,648.590160,0.007479,0.019550,0.022308,3.644039,0.015622
XYLE_ECOLI,28,34,TAVISGT,,,6.000000,648.356300,WT XylE apo,0.000000,648.570609,0.021017,0.000000,0.000000,3.639609,0.020061
XYLE_ECOLI,28,34,TAVISGT,,,6.000000,648.356300,WT XylE apo,5.000000,649.165165,0.080618,0.594555,0.083312,3.668359,0.004268
XYLE_ECOLI,28,34,TAVISGT,,,6.000000,648.356300,WT XylE apo,30.000002,649.714774,0.054921,1.144165,0.058805,3.624418,0.002739
XYLE_ECOLI,28,36,TAVISGTVE,,,8.000000,876.467300,E397Q XylE apo,0.000000,876.886950,0.017274,0.000000,0.000000,4.154418,0.006767
XYLE_ECOLI,28,36,TAVISGTVE,,,8.000000,876.467300,E397Q XylE apo,5.000000,877.228011,0.009989,0.341061,0.019954,4.154008,0.003703
XYLE_ECOLI,28,36,TAVISGTVE,,,8.000000,876.467300,E397Q XylE apo,30.000002,877.633379,0.033762,0.746429,0.037924,4.156640,0.004418
XYLE_ECOLI,28,36,TAVISGTVE,,,8.000000,876.467300,WT XylE apo,0.000000,876.886950,0.017274,0.000000,0.000000,4.154418,0.006767
XYLE_ECOLI,28,36,TAVISGTVE,,,8.000000,876.467300,WT XylE apo,5.000000,878.079940,0.051030,1.192990,0.053875,4.160978,0.003336
XYLE_ECOLI,28,36,TAVISGTVE,,,8.000000,876.467300,WT XylE apo,30.000002,878.958493,0.017690,2.071543,0.024725,4.148117,0.003985
XYLE_ECOLI,28,38,TAVISGTVESL,,,10.000000,1076.583400,E397Q XylE apo,0.000000,1077.070085,0.087621,0.000000,0.000000,5.372004,0.006420
XYLE_ECOLI,28,38,TAVISGTVESL,,,10.000000,1076.583400,E397Q XylE apo,5.000000,1077.437206,0.077783,0.367121,0.117165,5.369359,0.003625
XYLE_ECOLI,28,38,TAVISGTVESL,,,10.000000,1076.583400,E397Q XylE apo,30.000002,1078.132735,0.062051,1.062650,0.107368,5.372767,0.002610
XYLE_ECOLI,28,38,TAVISGTVESL,,,10.000000,1076.583400,WT XylE apo,0.000000,1077.070085,0.087621,0.000000,0.000000,5.372004,0.006420
XYLE_ECOLI,28,38,TAVISGTVESL,,,10.000000,1076.583400,WT XylE apo,5.000000,1078.447999,0.136745,1.377914,0.162409,5.368762,0.003522
XYLE_ECOLI,28,38,TAVISGTVESL,,,10.000000,1076.583400,WT XylE apo,30.000002,1079.605566,0.234325,2.535481,0.250171,5.360991,0.006540
XYLE_ECOLI,29,38,AVISGTVESL,,,9.000000,975.535700,E397Q XylE apo,0.000000,975.966639,0.035406,0.000000,0.000000,5.327562,0.002872
XYLE_ECOLI,29,38,AVISGTVESL,,,9.000000,975.535700,E397Q XylE apo,5.000000,976.340809,0.055145,0.374171,0.065533,5.321189,0.003906
XYLE_ECOLI,29,38,AVISGTVESL,,,9.000000,975.535700,E397Q XylE apo,30.000002,977.051912,0.100426,1.085273,0.106485,5.327253,0.002152
XYLE_ECOLI,29,38,AVISGTVESL,,,9.000000,975.535700,WT XylE apo,0.000000,975.966639,0.035406,0.000000,0.000000,5.327562,0.002872
XYLE_ECOLI,29,38,AVISGTVESL,,,9.000000,975.535700,WT XylE apo,5.000000,977.323322,0.103865,1.356684,0.109734,5.329639,0.002324
XYLE_ECOLI,29,38,AVISGTVESL,,,9.000000,975.535700,WT XylE apo,30.000002,978.523762,0.233655,2.557124,0.236322,5.323759,0.002771
XYLE_ECOLI,30,36,VISGTVE,,,6.000000,704.382500,E397Q XylE apo,0.000000,704.698499,0.052775,0.000000,0.000000,3.637906,0.021705
XYLE_ECOLI,30,36,VISGTVE,,,6.000000,704.382500,E397Q XylE apo,5.000000,704.974460,0.008322,0.275961,0.053427,3.635417,0.034638
XYLE_ECOLI,30,36,VISGTVE,,,6.000000,704.382500,E397Q XylE apo,30.000002,705.275883,0.046931,0.577385,0.070624,3.639038,0.014763
XYLE_ECOLI,30,36,VISGTVE,,,6.000000,704.382500,WT XylE apo,0.000000,704.698499,0.052775,0.000000,0.000000,3.637906,0.021705
XYLE_ECOLI,30,36,VISGTVE,,,6.000000,704.382500,WT XylE apo,5.000000,705.629317,0.041689,0.930818,0.067255,3.664824,0.005393
XYLE_ECOLI,30,36,VISGTVE,,,6.000000,704.382500,WT XylE apo,30.000002,706.475344,0.023347,1.776846,0.057709,3.620737,0.000709
XYLE_ECOLI,30,38,VISGTVESL,,,8.000000,904.498600,E397Q XylE apo,0.000000,904.923139,0.041312,0.000000,0.000000,5.122277,0.003742
XYLE_ECOLI,30,38,VISGTVESL,,,8.000000,904.498600,E397Q XylE apo,5.000000,905.358555,0.026122,0.435416,0.048878,5.120741,0.005446
XYLE_ECOLI,30,38,VISGTVESL,,,8.000000,904.498600,E397Q XylE apo,30.000002,906.015227,0.030797,1.092088,0.051528,5.121140,0.001198
XYLE_ECOLI,30,38,VISGTVESL,,,8.000000,904.498600,WT XylE apo,0.000000,904.923139,0.041312,0.000000,0.000000,5.122277,0.003742
XYLE_ECOLI,30,38,VISGTVESL,,,8.000000,904.498600,WT XylE apo,5.000000,906.189673,0.032374,1.266535,0.052486,5.126131,0.005253
XYLE_ECOLI,30,38,VISGTVESL,,,8.000000,904.498600,WT XylE apo,30.000002,907.237336,0.058867,2.314197,0.071917,5.120011,0.007225
XYLE_ECOLI,31,38,ISGTVESL,,,7.000000,805.430200,E397Q XylE apo,0.000000,805.919619,0.054428,0.000000,0.000000,4.895727,0.007450
XYLE_ECOLI,31,38,ISGTVESL,,,7.000000,805.430200,E397Q XylE apo,5.000000,806.312371,0.024262,0.392752,0.059591,4.892116,0.002346
XYLE_ECOLI,31,38,ISGTVESL,,,7.000000,805.430200,E397Q XylE apo,30.000002,806.803230,0.034567,0.883611,0.064477,4.891043,0.003576
XYLE_ECOLI,31,38,ISGTVESL,,,7.000000,805.430200,WT XylE apo,0.000000,805.919619,0.054428,0.000000,0.000000,4.895727,0.007450
XYLE_ECOLI,31,38,ISGTVESL,,,7.000000,805.430200,WT XylE apo,5.000000,806.663916,0.053969,0.744297,0.076649,4.898047,0.001849
XYLE_ECOLI,31,38,ISGTVESL,,,7.000000,805.430200,WT XylE apo,30.000002,807.533649,0.025695,1.614030,0.060188,4.890906,0.005652
XYLE_ECOLI,31,40,ISGTVESLNT,,,9.000000,1020.520800,E397Q XylE apo,0.000000,1021.015648,0.032045,0.000000,0.000000,4.331218,0.002660
XYLE_ECOLI,31,40,ISGTVESLNT,,,9.000000,1020.520800,E397Q XylE apo,5.000000,1021.455938,0.056351,0.440290,0.064825,4.327293,0.002213
XYLE_ECOLI,31,40,ISGTVESLNT,,,9.000000,1020.520800,E397Q XylE apo,30.000002,1022.067210,0.033054,1.051563,0.046038,4.329143,0.002442
XYLE_ECOLI,31,40,ISGTVESLNT,,,9.000000,1020.520800,WT XylE apo,0.000000,1021.015648,0.032045,0.000000,0.000000,4.331218,0.002660
XYLE_ECOLI,31,40,ISGTVESLNT,,,9.000000,1020.520800,WT XylE apo,5.000000,1021.984757,0.040743,0.969109,0.051835,4.331969,0.003529
XYLE_ECOLI,31,40,ISGTVESLNT,,,9.000000,1020.520800,WT XylE apo,30.000002,1022.832614,0.104054,1.816966,0.108877,4.325338,0.002532
XYLE_ECOLI,32,38,SGTVESL,,,6.000000,692.346100,E397Q XylE apo,0.000000,692.609010,0.036574,0.000000,0.000000,5.360593,0.004631
XYLE_ECOLI,32,38,SGTVESL,,,6.000000,692.346100,E397Q XylE apo,5.000000,692.866212,0.024730,0.257202,0.044150,5.357057,0.001509
XYLE_ECOLI,32,38,SGTVESL,,,6.000000,692.346100,E397Q XylE apo,30.000002,693.156427,0.030675,0.547417,0.047734,5.362130,0.001744
XYLE_ECOLI,32,38,SGTVESL,,,6.000000,692.346100,WT XylE apo,0.000000,692.609010,0.036574,0.000000,0.000000,5.360593,0.004631
XYLE_ECOLI,32,38,SGTVESL,,,6.000000,692.346100,WT XylE apo,5.000000,693.234309,0.114131,0.625300,0.119848,5.356757,0.011901
XYLE_ECOLI,32,38,SGTVESL,,,6.000000,692.346100,WT XylE apo,30.000002,693.966974,0.111553,1.357964,0.117396,5.350266,0.005334
XYLE_ECOLI,41,48,VFVAPQNL,,,6.000000,887.498500,E397Q XylE apo,0.000000,887.928449,0.016522,0.000000,0.000000,5.344176,0.003536
XYLE_ECOLI,41,48,VFVAPQNL,,,6.000000,887.498500,E397Q XylE apo,5.000000,888.685577,0.017209,0.757128,0.023857,5.340155,0.002500
XYLE_ECOLI,41,48,VFVAPQNL,,,6.000000,887.498500,E397Q XylE apo,30.000002,889.116135,0.045464,1.187686,0.048373,5.343456,0.002596
XYLE_ECOLI,41,48,VFVAPQNL,,,6.000000,887.498500,WT XylE apo,0.000000,887.928449,0.016522,0.000000,0.000000,5.344176,0.003536
XYLE_ECOLI,41,48,VFVAPQNL,,,6.000000,887.498500,WT XylE apo,5.000000,888.901084,0.021774,0.972635,0.027333,5.348556,0.005227
XYLE_ECOLI,41,48,VFVAPQNL,,,6.000000,887.498500,WT XylE apo,30.000002,889.549821,0.039066,1.621372,0.042417,5.342657,0.003295
XYLE_ECOLI,42,48,FVAPQNL,,,5.000000,788.430100,E397Q XylE apo,0.000000,788.810996,0.025436,0.000000,0.000000,5.112320,0.000841
XYLE_ECOLI,42,48,FVAPQNL,,,5.000000,788.430100,E397Q XylE apo,5.000000,789.453839,0.026128,0.642843,0.036464,5.112085,0.000423
XYLE_ECOLI,42,48,FVAPQNL,,,5.000000,788.430100,E397Q XylE apo,30.000002,789.782850,0.032278,0.971854,0.041096,5.109622,0.005440
XYLE_ECOLI,42,48,FVAPQNL,,,5.000000,788.430100,WT XylE apo,0.000000,788.810996,0.025436,0.000000,0.000000,5.112320,0.000841
XYLE_ECOLI,42,48,FVAPQNL,,,5.000000,788.430100,WT XylE apo,5.000000,789.635974,0.038698,0.824977,0.046309,5.111918,0.001036
XYLE_ECOLI,42,48,FVAPQNL,,,5.000000,788.430100,WT XylE apo,30.000002,790.157484,0.016150,1.346488,0.030130,5.110537,0.004286
XYLE_ECOLI,43,50,VAPQNLSE,,,6.000000,857.436300,E397Q XylE apo,0.000000,857.892108,0.019788,0.000000,0.000000,3.651521,0.018289
XYLE_ECOLI,43,50,VAPQNLSE,,,6.000000,857.436300,E397Q XylE apo,5.000000,859.780564,0.069120,1.888456,0.071897,3.645719,0.038533
XYLE_ECOLI,43,50,VAPQNLSE,,,6.000000,857.436300,E397Q XylE apo,30.000002,860.110567,0.021845,2.218459,0.029475,3.648076,0.014521
XYLE_ECOLI,43,50,VAPQNLSE,,,6.000000,857.436300,WT XylE apo,0.000000,857.892108,0.019788,0.000000,0.000000,3.651521,0.018289
XYLE_ECOLI,43,50,VAPQNLSE,,,6.000000,857.436300,WT XylE apo,5.000000,859.885527,0.025572,1.993419,0.032334,3.673344,0.003447
XYLE_ECOLI,43,50,VAPQNLSE,,,6.000000,857.436300,WT XylE apo,30.000002,860.442919,0.031485,2.550811,0.037187,3.634856,0.008182
XYLE_ECOLI,43,59,VAPQNLSESAANSLLGF,,,15.000000,1717.875500,E397Q XylE apo,0.000000,1718.741941,0.051791,0.000000,0.000000,6.646881,0.006003
XYLE_ECOLI,43,59,VAPQNLSESAANSLLGF,,,15.000000,1717.875500,E397Q XylE apo,5.000000,1721.328058,0.127408,2.586118,0.137532,6.638721,0.001325
XYLE_ECOLI,43,59,VAPQNLSESAANSLLGF,,,15.000000,1717.875500,E397Q XylE apo,30.000002,1721.528489,0.042336,2.786549,0.066893,6.644255,0.004517
XYLE_ECOLI,43,59,VAPQNLSESAANSLLGF,,,15.000000,1717.875500,WT XylE apo,0.000000,1718.741941,0.051791,0.000000,0.000000,6.646881,0.006003
XYLE_ECOLI,43,59,VAPQNLSESAANSLLGF,,,15.000000,1717.875500,WT XylE apo,5.000000,1721.878062,0.046416,3.136121,0.069547,6.642943,0.003043
XYLE_ECOLI,43,59,VAPQNLSESAANSLLGF,,,15.000000,1717.875500,WT XylE apo,30.000002,1722.971503,0.096346,4.229562,0.109384,6.631739,0.002458
XYLE_ECOLI,49,56,SESAANSL,,,7.000000,778.357700,E397Q XylE apo,0.000000,778.673572,0.016267,0.000000,0.000000,4.054269,0.010011
XYLE_ECOLI,49,56,SESAANSL,,,7.000000,778.357700,E397Q XylE apo,5.000000,779.658078,0.036258,0.984506,0.039740,4.051665,0.006936
XYLE_ECOLI,49,56,SESAANSL,,,7.000000,778.357700,E397Q XylE apo,30.000002,779.623284,0.072377,0.949712,0.074182,4.051251,0.008719
XYLE_ECOLI,49,56,SESAANSL,,,7.000000,778.357700,WT XylE apo,0.000000,778.673572,0.016267,0.000000,0.000000,4.054269,0.010011
XYLE_ECOLI,49,56,SESAANSL,,,7.000000,778.357700,WT XylE apo,5.000000,780.031725,0.016865,1.358153,0.023432,4.058222,0.002552
XYLE_ECOLI,49,56,SESAANSL,,,7.000000,778.357700,WT XylE apo,30.000002,780.648857,0.052725,1.975285,0.055177,4.043216,0.002115
XYLE_ECOLI,49,58,SESAANSLLG,,,9.000000,948.463300,E397Q XylE apo,0.000000,948.882584,0.045115,0.000000,0.000000,5.058995,0.004225
XYLE_ECOLI,49,58,SESAANSLLG,,,9.000000,948.463300,E397Q XylE apo,5.000000,949.783114,0.037106,0.900530,0.058415,5.051333,0.002438
XYLE_ECOLI,49,58,SESAANSLLG,,,9.000000,948.463300,E397Q XylE apo,30.000002,949.752600,0.068974,0.870015,0.082419,5.055898,0.005433
XYLE_ECOLI,49,58,SESAANSLLG,,,9.000000,948.463300,WT XylE apo,0.000000,948.882584,0.045115,0.000000,0.000000,5.058995,0.004225
XYLE_ECOLI,49,58,SESAANSLLG,,,9.000000,948.463300,WT XylE apo,5.000000,950.135354,0.043933,1.252769,0.062973,5.061360,0.000384
XYLE_ECOLI,49,58,SESAANSLLG,,,9.000000,948.463300,WT XylE apo,30.000002,950.692668,0.025905,1.810084,0.052024,5.055178,0.005377
XYLE_ECOLI,49,59,SESAANSLLGF,,,10.000000,1095.531700,E397Q XylE apo,0.000000,1096.120577,0.035828,0.000000,0.000000,6.476816,0.002811
XYLE_ECOLI,49,59,SESAANSLLGF,,,10.000000,1095.531700,E397Q XylE apo,5.000000,1096.952156,0.011056,0.831579,0.037495,6.469020,0.004904
XYLE_ECOLI,49,59,SESAANSLLGF,,,10.000000,1095.531700,E397Q XylE apo,30.000002,1096.967421,0.012437,0.846845,0.037925,6.476991,0.001086
XYLE_ECOLI,49,59,SESAANSLLGF,,,10.000000,1095.531700,WT XylE apo,0.000000,1096.120577,0.035828,0.000000,0.000000,6.476816,0.002811
XYLE_ECOLI,49,59,SESAANSLLGF,,,10.000000,1095.531700,WT XylE apo,5.000000,1097.334572,0.015914,1.213996,0.039203,6.475239,0.003436
XYLE_ECOLI,49,59,SESAANSLLGF,,,10.000000,1095.531700,WT XylE apo,30.000002,1097.978049,0.023151,1.857473,0.042657,6.469580,0.006359
XYLE_ECOLI,51,58,SAANSLLG,,,7.000000,732.388600,E397Q XylE apo,0.000000,732.696669,0.036341,0.000000,0.000000,4.935955,0.003463
XYLE_ECOLI,51,58,SAANSLLG,,,7.000000,732.388600,E397Q XylE apo,5.000000,732.748216,0.049548,0.051547,0.061446,4.935147,0.003813
XYLE_ECOLI,51,58,SAANSLLG,,,7.000000,732.388600,E397Q XylE apo,30.000002,732.771941,0.030348,0.075272,0.047346,4.934076,0.004953
XYLE_ECOLI,51,58,SAANSLLG,,,7.000000,732.388600,WT XylE apo,0.000000,732.696669,0.036341,0.000000,0.000000,4.935955,0.003463
XYLE_ECOLI,51,58,SAANSLLG,,,7.000000,732.388600,WT XylE apo,5.000000,732.999282,0.076926,0.302613,0.085078,4.940070,0.003955
XYLE_ECOLI,51,58,SAANSLLG,,,7.000000,732.388600,WT XylE apo,30.000002,733.582175,0.033786,0.885505,0.049620,4.930917,0.007420
XYLE_ECOLI,51,59,SAANSLLGF,,,8.000000,879.457100,E397Q XylE apo,0.000000,879.974753,0.049501,0.000000,0.000000,6.475719,0.003130
XYLE_ECOLI,51,59,SAANSLLGF,,,8.000000,879.457100,E397Q XylE apo,5.000000,880.076743,0.057939,0.101989,0.076206,6.465631,0.008947
XYLE_ECOLI,51,59,SAANSLLGF,,,8.000000,879.457100,E397Q XylE apo,30.000002,880.122129,0.046074,0.147375,0.067625,6.477270,0.001615
XYLE_ECOLI,51,59,SAANSLLGF,,,8.000000,879.457100,WT XylE apo,0.000000,879.974753,0.049501,0.000000,0.000000,6.475719,0.003130
XYLE_ECOLI,51,59,SAANSLLGF,,,8.000000,879.457100,WT XylE apo,5.000000,880.398166,0.039683,0.423412,0.063444,6.472901,0.005486
XYLE_ECOLI,51,59,SAANSLLGF,,,8.000000,879.457100,WT XylE apo,30.000002,881.077114,0.060557,1.102360,0.078215,6.468256,0.008236
XYLE_ECOLI,61,67,VASALIG,,,6.000000,630.382100,E397Q XylE apo,0.000000,630.609615,0.022026,0.000000,0.000000,4.588989,0.002685
XYLE_ECOLI,61,67,VASALIG,,,6.000000,630.382100,E397Q XylE apo,5.000000,630.657951,0.051701,0.048336,0.056197,4.582108,0.004045
XYLE_ECOLI,61,67,VASALIG,,,6.000000,630.382100,E397Q XylE apo,30.000002,630.658487,0.035196,0.048872,0.041520,4.583171,0.005764
XYLE_ECOLI,61,67,VASALIG,,,6.000000,630.382100,WT XylE apo,0.000000,630.609615,0.022026,0.000000,0.000000,4.588989,0.002685
XYLE_ECOLI,61,67,VASALIG,,,6.000000,630.382100,WT XylE apo,5.000000,630.655956,0.035843,0.046341,0.042070,4.590358,0.000587
XYLE_ECOLI,61,67,VASALIG,,,6.000000,630.382100,WT XylE apo,30.000002,630.679792,0.033636,0.070177,0.040206,4.582229,0.001386
XYLE_ECOLI,66,76,IGCIIGGALGG,,,10.000000,930.507700,E397Q XylE apo,0.000000,930.985890,0.050141,0.000000,0.000000,5.958877,0.005403
XYLE_ECOLI,66,76,IGCIIGGALGG,,,10.000000,930.507700,E397Q XylE apo,5.000000,931.673834,0.036567,0.687943,0.062059,5.950628,0.002889
XYLE_ECOLI,66,76,IGCIIGGALGG,,,10.000000,930.507700,E397Q XylE apo,30.000002,931.801043,0.032196,0.815153,0.059588,5.958295,0.002493
XYLE_ECOLI,66,76,IGCIIGGALGG,,,10.000000,930.507700,WT XylE apo,0.000000,930.985890,0.050141,0.000000,0.000000,5.958877,0.005403
XYLE_ECOLI,66,76,IGCIIGGALGG,,,10.000000,930.507700,WT XylE apo,5.000000,931.554006,0.068986,0.568115,0.085283,5.959675,0.004345
XYLE_ECOLI,66,76,IGCIIGGALGG,,,10.000000,930.507700,WT XylE apo,30.000002,931.727778,0.017012,0.741888,0.052949,5.952067,0.002857
XYLE_ECOLI,68,76,CIIGGALGG,,,8.000000,760.402200,E397Q XylE apo,0.000000,760.787850,0.070892,0.000000,0.000000,5.337975,0.004633
XYLE_ECOLI,68,76,CIIGGALGG,,,8.000000,760.402200,E397Q XylE apo,5.000000,761.416861,0.030265,0.629011,0.077082,5.331435,0.004332
XYLE_ECOLI,68,76,CIIGGALGG,,,8.000000,760.402200,E397Q XylE apo,30.000002,761.524531,0.022173,0.736681,0.074278,5.339206,0.000931
XYLE_ECOLI,68,76,CIIGGALGG,,,8.000000,760.402200,WT XylE apo,0.000000,760.787850,0.070892,0.000000,0.000000,5.337975,0.004633
XYLE_ECOLI,68,76,CIIGGALGG,,,8.000000,760.402200,WT XylE apo,5.000000,761.391077,0.030699,0.603227,0.077253,5.334317,0.006809
XYLE_ECOLI,68,76,CIIGGALGG,,,8.000000,760.402200,WT XylE apo,30.000002,761.503936,0.025231,0.716086,0.075248,5.333219,0.003628
XYLE_ECOLI,68,77,CIIGGALGGY,,,9.000000,923.465500,E397Q XylE apo,0.000000,924.000233,0.038907,0.000000,0.000000,6.234749,0.002101
XYLE_ECOLI,68,77,CIIGGALGGY,,,9.000000,923.465500,E397Q XylE apo,5.000000,924.112528,0.011036,0.112295,0.040442,6.227537,0.001666
XYLE_ECOLI,68,77,CIIGGALGGY,,,9.000000,923.465500,E397Q XylE apo,30.000002,924.036774,0.031272,0.036540,0.049917,6.229880,0.001675
XYLE_ECOLI,68,77,CIIGGALGGY,,,9.000000,923.465500,WT XylE apo,0.000000,924.000233,0.038907,0.000000,0.000000,6.234749,0.002101
XYLE_ECOLI,68,77,CIIGGALGGY,,,9.000000,923.465500,WT XylE apo,5.000000,924.009543,0.017728,0.009310,0.042756,6.234785,0.002137
XYLE_ECOLI,68,77,CIIGGALGGY,,,9.000000,923.465500,WT XylE apo,30.000002,924.053347,0.027883,0.053113,0.047866,6.231464,0.002130
XYLE_ECOLI,68,82,CIIGGALGGYCSNRF,,,14.000000,1530.719200,E397Q XylE apo,0.000000,1531.655226,0.075215,0.000000,0.000000,6.019453,0.001492
XYLE_ECOLI,68,82,CIIGGALGGYCSNRF,,,14.000000,1530.719200,E397Q XylE apo,5.000000,1534.312914,0.083785,2.657688,0.112593,6.005035,0.003453
XYLE_ECOLI,68,82,CIIGGALGGYCSNRF,,,14.000000,1530.719200,E397Q XylE apo,30.000002,1534.655221,0.052088,2.999996,0.091490,6.014752,0.006676
XYLE_ECOLI,68,82,CIIGGALGGYCSNRF,,,14.000000,1530.719200,WT XylE apo,0.000000,1531.655226,0.075215,0.000000,0.000000,6.019453,0.001492
XYLE_ECOLI,68,82,CIIGGALGGYCSNRF,,,14.000000,1530.719200,WT XylE apo,5.000000,1534.003707,0.209729,2.348482,0.222808,6.013387,0.003189
XYLE_ECOLI,68,82,CIIGGALGGYCSNRF,,,14.000000,1530.719200,WT XylE apo,30.000002,1534.608526,0.049866,2.953300,0.090244,6.005887,0.003633
XYLE_ECOLI,68,88,CIIGGALGGYCSNRFGRRDSL,,,20.000000,2215.085900,E397Q XylE apo,0.000000,2216.710022,0.080888,0.000000,0.000000,5.363106,0.007494
XYLE_ECOLI,68,88,CIIGGALGGYCSNRFGRRDSL,,,20.000000,2215.085900,E397Q XylE apo,5.000000,2219.833805,0.017470,3.123783,0.082754,5.348556,0.004913
XYLE_ECOLI,68,88,CIIGGALGGYCSNRFGRRDSL,,,20.000000,2215.085900,E397Q XylE apo,30.000002,2220.569010,0.092383,3.858987,0.122790,5.354754,0.002232
XYLE_ECOLI,68,88,CIIGGALGGYCSNRFGRRDSL,,,20.000000,2215.085900,WT XylE apo,0.000000,2216.710022,0.080888,0.000000,0.000000,5.363106,0.007494
XYLE_ECOLI,68,88,CIIGGALGGYCSNRFGRRDSL,,,20.000000,2215.085900,WT XylE apo,5.000000,2219.674409,0.063078,2.964387,0.102576,5.360181,0.007673
XYLE_ECOLI,68,88,CIIGGALGGYCSNRFGRRDSL,,,20.000000,2215.085900,WT XylE apo,30.000002,2220.438801,0.070716,3.728778,0.107441,5.359723,0.004182
XYLE_ECOLI,69,76,IIGGALGG,,,7.000000,657.393000,E397Q XylE apo,0.000000,657.714346,0.022855,0.000000,0.000000,4.662282,0.004370
XYLE_ECOLI,69,76,IIGGALGG,,,7.000000,657.393000,E397Q XylE apo,5.000000,658.132243,0.059617,0.417897,0.063848,4.654227,0.002402
XYLE_ECOLI,69,76,IIGGALGG,,,7.000000,657.393000,E397Q XylE apo,30.000002,658.235329,0.067614,0.520983,0.071372,4.656200,0.004538
XYLE_ECOLI,69,76,IIGGALGG,,,7.000000,657.393000,WT XylE apo,0.000000,657.714346,0.022855,0.000000,0.000000,4.662282,0.004370
XYLE_ECOLI,69,76,IIGGALGG,,,7.000000,657.393000,WT XylE apo,5.000000,658.066187,0.007993,0.351842,0.024212,4.667310,0.001322
XYLE_ECOLI,69,76,IIGGALGG,,,7.000000,657.393000,WT XylE apo,30.000002,658.197110,0.012717,0.482765,0.026155,4.661663,0.003158
XYLE_ECOLI,70,87,IGGALGGYCSNRFGRRDS,,,17.000000,1885.908600,E397Q XylE apo,0.000000,1887.154237,0.128732,0.000000,0.000000,5.391273,0.073115
XYLE_ECOLI,70,87,IGGALGGYCSNRFGRRDS,,,17.000000,1885.908600,E397Q XylE apo,5.000000,1890.095898,0.069387,2.941661,0.146241,5.354788,0.002357
XYLE_ECOLI,70,87,IGGALGGYCSNRFGRRDS,,,17.000000,1885.908600,E397Q XylE apo,30.000002,1890.709884,0.030072,3.555646,0.132198,5.362126,0.007372
XYLE_ECOLI,70,87,IGGALGGYCSNRFGRRDS,,,17.000000,1885.908600,WT XylE apo,0.000000,1887.150793,0.140666,0.000000,0.000000,5.390758,0.072253
XYLE_ECOLI,70,87,IGGALGGYCSNRFGRRDS,,,17.000000,1885.908600,WT XylE apo,5.000000,1890.200845,0.124513,3.050052,0.187858,5.358814,0.011607
XYLE_ECOLI,70,87,IGGALGGYCSNRFGRRDS,,,17.000000,1885.908600,WT XylE apo,30.000002,1890.748017,0.045452,3.597224,0.147827,5.354528,0.005629
XYLE_ECOLI,95,101,FFISGVG,,,6.000000,726.382100,E397Q XylE apo,0.000000,726.750904,0.046667,0.000000,0.000000,6.042906,0.003399
XYLE_ECOLI,95,101,FFISGVG,,,6.000000,726.382100,E397Q XylE apo,5.000000,726.728350,0.047328,-0.022554,0.066467,6.037135,0.001515
XYLE_ECOLI,95,101,FFISGVG,,,6.000000,726.382100,E397Q XylE apo,30.000002,726.705297,0.022509,-0.045607,0.051812,6.039842,0.003261
XYLE_ECOLI,95,101,FFISGVG,,,6.000000,726.382100,WT XylE apo,0.000000,726.750904,0.046667,0.000000,0.000000,6.042906,0.003399
XYLE_ECOLI,95,101,FFISGVG,,,6.000000,726.382100,WT XylE apo,5.000000,726.768862,0.002700,0.017958,0.046745,6.044634,0.002995
XYLE_ECOLI,95,101,FFISGVG,,,6.000000,726.382100,WT XylE apo,30.000002,726.742275,0.005319,-0.008629,0.046970,6.036555,0.003859
XYLE_ECOLI,95,104,FFISGVGSAW,,,9.000000,1070.530600,E397Q XylE apo,0.000000,1071.113001,0.033452,0.000000,0.000000,7.049685,0.002916
XYLE_ECOLI,95,104,FFISGVGSAW,,,9.000000,1070.530600,E397Q XylE apo,5.000000,1071.085074,0.017204,-0.027928,0.037617,7.044792,0.003488
XYLE_ECOLI,95,104,FFISGVGSAW,,,9.000000,1070.530600,E397Q XylE apo,30.000002,1071.123597,0.050723,0.010596,0.060760,7.050204,0.002012
XYLE_ECOLI,95,104,FFISGVGSAW,,,9.000000,1070.530600,WT XylE apo,0.000000,1071.113001,0.033452,0.000000,0.000000,7.049685,0.002916
XYLE_ECOLI,95,104,FFISGVGSAW,,,9.000000,1070.530600,WT XylE apo,5.000000,1071.091091,0.017995,-0.021911,0.037985,7.052938,0.002199
XYLE_ECOLI,95,104,FFISGVGSAW,,,9.000000,1070.530600,WT XylE apo,30.000002,1071.053855,0.040804,-0.059146,0.052763,7.046573,0.002136
XYLE_ECOLI,97,104,ISGVGSAW,,,7.000000,776.393700,E397Q XylE apo,0.000000,776.748373,0.041405,0.000000,0.000000,5.682897,0.005473
XYLE_ECOLI,97,104,ISGVGSAW,,,7.000000,776.393700,E397Q XylE apo,5.000000,776.827945,0.008607,0.079572,0.042290,5.681671,0.002375
XYLE_ECOLI,97,104,ISGVGSAW,,,7.000000,776.393700,E397Q XylE apo,30.000002,776.740924,0.042248,-0.007450,0.059155,5.681992,0.003532
XYLE_ECOLI,97,104,ISGVGSAW,,,7.000000,776.393700,WT XylE apo,0.000000,776.748373,0.041405,0.000000,0.000000,5.682897,0.005473
XYLE_ECOLI,97,104,ISGVGSAW,,,7.000000,776.393700,WT XylE apo,5.000000,776.768038,0.019226,0.019665,0.045651,5.683345,0.002214
XYLE_ECOLI,97,104,ISGVGSAW,,,7.000000,776.393700,WT XylE apo,30.000002,776.803728,0.037224,0.055355,0.055678,5.678970,0.001200
XYLE_ECOLI,102,108,SAWPELG,,,5.000000,759.367200,E397Q XylE apo,0.000000,759.697885,0.025811,0.000000,0.000000,6.032796,0.002715
XYLE_ECOLI,102,108,SAWPELG,,,5.000000,759.367200,E397Q XylE apo,5.000000,759.734182,0.032939,0.036297,0.041847,6.020782,0.004831
XYLE_ECOLI,102,108,SAWPELG,,,5.000000,759.367200,E397Q XylE apo,30.000002,759.787190,0.010915,0.089305,0.028024,6.027096,0.004371
XYLE_ECOLI,102,108,SAWPELG,,,5.000000,759.367200,WT XylE apo,0.000000,759.697885,0.025811,0.000000,0.000000,6.032796,0.002715
XYLE_ECOLI,102,108,SAWPELG,,,5.000000,759.367200,WT XylE apo,5.000000,759.747197,0.028693,0.049312,0.038594,6.030502,0.001283
XYLE_ECOLI,102,108,SAWPELG,,,5.000000,759.367200,WT XylE apo,30.000002,759.799640,0.017730,0.101755,0.031314,6.024989,0.003232
XYLE_ECOLI,102,109,SAWPELGF,,,6.000000,906.435600,E397Q XylE apo,0.000000,906.948229,0.031430,0.000000,0.000000,7.065397,0.005626
XYLE_ECOLI,102,109,SAWPELGF,,,6.000000,906.435600,E397Q XylE apo,5.000000,907.010006,0.072833,0.061777,0.079325,7.059191,0.001063
XYLE_ECOLI,102,109,SAWPELGF,,,6.000000,906.435600,E397Q XylE apo,30.000002,907.069328,0.040258,0.121099,0.051074,7.066920,0.001238
XYLE_ECOLI,102,109,SAWPELGF,,,6.000000,906.435600,WT XylE apo,0.000000,906.948229,0.031430,0.000000,0.000000,7.065397,0.005626
XYLE_ECOLI,102,109,SAWPELGF,,,6.000000,906.435600,WT XylE apo,5.000000,906.947223,0.036838,-0.001006,0.048424,7.063856,0.003345
XYLE_ECOLI,102,109,SAWPELGF,,,6.000000,906.435600,WT XylE apo,30.000002,907.002749,0.033980,0.054520,0.046287,7.060410,0.004747
XYLE_ECOLI,109,121,FTSINPDNTVPVY,,,10.000000,1466.716200,E397Q XylE apo,0.000000,1467.430597,0.065920,0.000000,0.000000,5.517376,0.003933
XYLE_ECOLI,109,121,FTSINPDNTVPVY,,,10.000000,1466.716200,E397Q XylE apo,5.000000,1471.711229,0.017909,4.280632,0.068309,5.508977,0.003373
XYLE_ECOLI,109,121,FTSINPDNTVPVY,,,10.000000,1466.716200,E397Q XylE apo,30.000002,1472.969353,0.071096,5.538756,0.096954,5.511637,0.003665
XYLE_ECOLI,109,121,FTSINPDNTVPVY,,,10.000000,1466.716200,WT XylE apo,0.000000,1467.446749,0.040690,0.000000,0.000000,5.517300,0.003834
XYLE_ECOLI,109,121,FTSINPDNTVPVY,,,10.000000,1466.716200,WT XylE apo,5.000000,1471.682807,0.097241,4.236058,0.105411,5.512823,0.000423
XYLE_ECOLI,109,121,FTSINPDNTVPVY,,,10.000000,1466.716200,WT XylE apo,30.000002,1472.948237,0.063362,5.501488,0.075303,5.508431,0.002487
XYLE_ECOLI,109,122,FTSINPDNTVPVYL,,,11.000000,1579.800200,E397Q XylE apo,0.000000,1580.680381,0.072348,0.000000,0.000000,6.337900,0.006323
XYLE_ECOLI,109,122,FTSINPDNTVPVYL,,,11.000000,1579.800200,E397Q XylE apo,5.000000,1584.722956,0.032634,4.042575,0.079368,6.326860,0.004332
XYLE_ECOLI,109,122,FTSINPDNTVPVYL,,,11.000000,1579.800200,E397Q XylE apo,30.000002,1586.309196,0.119143,5.628814,0.139390,6.328783,0.003226
XYLE_ECOLI,109,122,FTSINPDNTVPVYL,,,11.000000,1579.800200,WT XylE apo,0.000000,1580.673037,0.088332,0.000000,0.000000,6.337874,0.006331
XYLE_ECOLI,109,122,FTSINPDNTVPVYL,,,11.000000,1579.800200,WT XylE apo,5.000000,1584.956405,0.013748,4.283368,0.089395,6.328658,0.002014
XYLE_ECOLI,109,122,FTSINPDNTVPVYL,,,11.000000,1579.800200,WT XylE apo,30.000002,1586.435608,0.051158,5.762571,0.102077,6.327726,0.004132
XYLE_ECOLI,110,122,TSINPDNTVPVYL,,,10.000000,1432.731800,E397Q XylE apo,0.000000,1433.550641,0.064865,0.000000,0.000000,6.022328,0.002761
XYLE_ECOLI,110,122,TSINPDNTVPVYL,,,10.000000,1432.731800,E397Q XylE apo,5.000000,1436.732989,0.028900,3.182348,0.071011,6.014399,0.001952
XYLE_ECOLI,110,122,TSINPDNTVPVYL,,,10.000000,1432.731800,E397Q XylE apo,30.000002,1438.266068,0.097457,4.715428,0.117070,6.013674,0.003101
XYLE_ECOLI,110,122,TSINPDNTVPVYL,,,10.000000,1432.731800,WT XylE apo,0.000000,1433.550641,0.064865,0.000000,0.000000,6.022328,0.002761
XYLE_ECOLI,110,122,TSINPDNTVPVYL,,,10.000000,1432.731800,WT XylE apo,5.000000,1436.864402,0.058735,3.313761,0.087506,6.013454,0.003864
XYLE_ECOLI,110,122,TSINPDNTVPVYL,,,10.000000,1432.731800,WT XylE apo,30.000002,1438.187329,0.110575,4.636688,0.128196,6.011996,0.004935
XYLE_ECOLI,110,124,TSINPDNTVPVYLAG,,,12.000000,1560.790400,E397Q XylE apo,0.000000,1561.472208,0.063205,0.000000,0.000000,5.609092,0.004159
XYLE_ECOLI,110,124,TSINPDNTVPVYLAG,,,12.000000,1560.790400,E397Q XylE apo,5.000000,1565.223848,0.098403,3.751640,0.116953,5.595190,0.003735
XYLE_ECOLI,110,124,TSINPDNTVPVYLAG,,,12.000000,1560.790400,E397Q XylE apo,30.000002,1567.135067,0.097507,5.662859,0.116200,5.591445,0.000424
XYLE_ECOLI,110,124,TSINPDNTVPVYLAG,,,12.000000,1560.790400,WT XylE apo,0.000000,1561.472208,0.063205,0.000000,0.000000,5.609092,0.004159
XYLE_ECOLI,110,124,TSINPDNTVPVYLAG,,,12.000000,1560.790400,WT XylE apo,5.000000,1565.367091,0.087039,3.894883,0.107567,5.599437,0.003109
XYLE_ECOLI,110,124,TSINPDNTVPVYLAG,,,12.000000,1560.790400,WT XylE apo,30.000002,1567.314088,0.029434,5.841879,0.069723,5.590771,0.002952
XYLE_ECOLI,122,129,LAGYVPEF,,,6.000000,895.456000,E397Q XylE apo,0.000000,895.926945,0.022766,0.000000,0.000000,6.256778,0.005000
XYLE_ECOLI,122,129,LAGYVPEF,,,6.000000,895.456000,E397Q XylE apo,5.000000,895.978506,0.039177,0.051560,0.045312,6.252331,0.002176
XYLE_ECOLI,122,129,LAGYVPEF,,,6.000000,895.456000,E397Q XylE apo,30.000002,896.153713,0.015265,0.226768,0.027410,6.254759,0.005360
XYLE_ECOLI,122,129,LAGYVPEF,,,6.000000,895.456000,WT XylE apo,0.000000,895.926945,0.022766,0.000000,0.000000,6.256778,0.005000
XYLE_ECOLI,122,129,LAGYVPEF,,,6.000000,895.456000,WT XylE apo,5.000000,896.106002,0.070778,0.179056,0.074349,6.256155,0.003865
XYLE_ECOLI,122,129,LAGYVPEF,,,6.000000,895.456000,WT XylE apo,30.000002,896.346928,0.080938,0.419983,0.084079,6.251646,0.001586
XYLE_ECOLI,123,129,AGYVPEF,,,5.000000,782.371900,E397Q XylE apo,0.000000,782.793738,0.031845,0.000000,0.000000,6.030200,0.004005
XYLE_ECOLI,123,129,AGYVPEF,,,5.000000,782.371900,E397Q XylE apo,5.000000,782.866671,0.015283,0.072933,0.035322,6.023465,0.002262
XYLE_ECOLI,123,129,AGYVPEF,,,5.000000,782.371900,E397Q XylE apo,30.000002,782.875944,0.010215,0.082206,0.033443,6.025435,0.003837
XYLE_ECOLI,123,129,AGYVPEF,,,5.000000,782.371900,WT XylE apo,0.000000,782.793738,0.031845,0.000000,0.000000,6.030200,0.004005
XYLE_ECOLI,123,129,AGYVPEF,,,5.000000,782.371900,WT XylE apo,5.000000,782.868869,0.010577,0.075131,0.033556,6.026333,0.003928
XYLE_ECOLI,123,129,AGYVPEF,,,5.000000,782.371900,WT XylE apo,30.000002,782.922490,0.004367,0.128752,0.032143,6.024704,0.003834
XYLE_ECOLI,130,139,VIYRIIGGIG,,,9.000000,1060.651300,E397Q XylE apo,0.000000,1061.369247,0.062200,0.000000,0.000000,5.532864,0.002453
XYLE_ECOLI,130,139,VIYRIIGGIG,,,9.000000,1060.651300,E397Q XylE apo,5.000000,1061.464628,0.058571,0.095381,0.085437,5.524562,0.004226
XYLE_ECOLI,130,139,VIYRIIGGIG,,,9.000000,1060.651300,E397Q XylE apo,30.000002,1061.461511,0.064540,0.092264,0.089634,5.524739,0.006990
XYLE_ECOLI,130,139,VIYRIIGGIG,,,9.000000,1060.651300,WT XylE apo,0.000000,1061.369247,0.062200,0.000000,0.000000,5.532864,0.002453
XYLE_ECOLI,130,139,VIYRIIGGIG,,,9.000000,1060.651300,WT XylE apo,5.000000,1061.443514,0.064611,0.074267,0.089686,5.532941,0.004009
XYLE_ECOLI,130,139,VIYRIIGGIG,,,9.000000,1060.651300,WT XylE apo,30.000002,1061.471671,0.068321,0.102424,0.092394,5.521464,0.004808
XYLE_ECOLI,130,142,VIYRIIGGIGVGL,,,12.000000,1329.825300,E397Q XylE apo,0.000000,1330.537249,0.041454,0.000000,0.000000,6.364532,0.006482
XYLE_ECOLI,130,142,VIYRIIGGIGVGL,,,12.000000,1329.825300,E397Q XylE apo,5.000000,1330.791811,0.066298,0.254562,0.078191,6.352346,0.002048
XYLE_ECOLI,130,142,VIYRIIGGIGVGL,,,12.000000,1329.825300,E397Q XylE apo,30.000002,1330.666012,0.017678,0.128763,0.045066,6.359586,0.000515
XYLE_ECOLI,130,142,VIYRIIGGIGVGL,,,12.000000,1329.825300,WT XylE apo,0.000000,1330.508502,0.078248,0.000000,0.000000,6.364548,0.006560
XYLE_ECOLI,130,142,VIYRIIGGIGVGL,,,12.000000,1329.825300,WT XylE apo,5.000000,1330.608558,0.057044,0.100056,0.096834,6.368567,0.003044
XYLE_ECOLI,130,142,VIYRIIGGIGVGL,,,12.000000,1329.825300,WT XylE apo,30.000002,1330.666025,0.024546,0.157523,0.082008,6.363234,0.002364
XYLE_ECOLI,133,142,RIIGGIGVGL,,,9.000000,954.609500,E397Q XylE apo,0.000000,955.354344,0.116716,0.000000,0.000000,5.547567,0.004353
XYLE_ECOLI,133,142,RIIGGIGVGL,,,9.000000,954.609500,E397Q XylE apo,5.000000,955.400016,0.230041,0.045672,0.257956,5.540723,0.005218
XYLE_ECOLI,133,142,RIIGGIGVGL,,,9.000000,954.609500,E397Q XylE apo,30.000002,955.400480,0.167974,0.046135,0.204543,5.543653,0.004115
XYLE_ECOLI,133,142,RIIGGIGVGL,,,9.000000,954.609500,WT XylE apo,0.000000,955.354344,0.116716,0.000000,0.000000,5.547567,0.004353
XYLE_ECOLI,133,142,RIIGGIGVGL,,,9.000000,954.609500,WT XylE apo,5.000000,955.368656,0.139948,0.014312,0.182231,5.553199,0.002670
XYLE_ECOLI,133,142,RIIGGIGVGL,,,9.000000,954.609500,WT XylE apo,30.000002,955.338288,0.148356,-0.016056,0.188765,5.542625,0.005576
XYLE_ECOLI,133,145,RIIGGIGVGLASM,,,12.000000,1243.719100,E397Q XylE apo,0.000000,1244.278985,0.065128,0.000000,0.000000,5.868006,0.005222
XYLE_ECOLI,133,145,RIIGGIGVGLASM,,,12.000000,1243.719100,E397Q XylE apo,5.000000,1244.347885,0.038775,0.068900,0.075796,5.859832,0.001651
XYLE_ECOLI,133,145,RIIGGIGVGLASM,,,12.000000,1243.719100,E397Q XylE apo,30.000002,1244.551162,0.063893,0.272176,0.091235,5.862222,0.000392
XYLE_ECOLI,133,145,RIIGGIGVGLASM,,,12.000000,1243.719100,WT XylE apo,0.000000,1244.278985,0.065128,0.000000,0.000000,5.868006,0.005222
XYLE_ECOLI,133,145,RIIGGIGVGLASM,,,12.000000,1243.719100,WT XylE apo,5.000000,1244.307219,0.032235,0.028234,0.072668,5.857075,0.001467
XYLE_ECOLI,133,145,RIIGGIGVGLASM,,,12.000000,1243.719100,WT XylE apo,30.000002,1244.358114,0.014636,0.079129,0.066752,5.857561,0.006947
XYLE_ECOLI,136,142,GGIGVGL,,,6.000000,572.340200,E397Q XylE apo,0.000000,572.579978,0.053955,0.000000,0.000000,5.551883,0.002302
XYLE_ECOLI,136,142,GGIGVGL,,,6.000000,572.340200,E397Q XylE apo,5.000000,572.642259,0.048240,0.062282,0.072376,5.545783,0.007139
XYLE_ECOLI,136,142,GGIGVGL,,,6.000000,572.340200,E397Q XylE apo,30.000002,572.630996,0.039249,0.051019,0.066721,5.549948,0.003865
XYLE_ECOLI,136,142,GGIGVGL,,,6.000000,572.340200,WT XylE apo,0.000000,572.579978,0.053955,0.000000,0.000000,5.551883,0.002302
XYLE_ECOLI,136,142,GGIGVGL,,,6.000000,572.340200,WT XylE apo,5.000000,572.609179,0.036716,0.029201,0.065263,5.555860,0.003051
XYLE_ECOLI,136,142,GGIGVGL,,,6.000000,572.340200,WT XylE apo,30.000002,572.594556,0.044995,0.014578,0.070255,5.541347,0.004631
XYLE_ECOLI,140,146,VGLASML,,,6.000000,690.385500,E397Q XylE apo,0.000000,690.746452,0.085292,0.000000,0.000000,6.508281,0.003453
XYLE_ECOLI,140,146,VGLASML,,,6.000000,690.385500,E397Q XylE apo,5.000000,690.741964,0.013486,-0.004488,0.086351,6.502287,0.001605
XYLE_ECOLI,140,146,VGLASML,,,6.000000,690.385500,E397Q XylE apo,30.000002,690.949015,0.030753,0.202563,0.090667,6.504089,0.001061
XYLE_ECOLI,140,146,VGLASML,,,6.000000,690.385500,WT XylE apo,0.000000,690.731270,0.082816,0.000000,0.000000,6.508270,0.003448
XYLE_ECOLI,140,146,VGLASML,,,6.000000,690.385500,WT XylE apo,5.000000,690.753211,0.059676,0.021941,0.102077,6.505258,0.006601
XYLE_ECOLI,140,146,VGLASML,,,6.000000,690.385500,WT XylE apo,30.000002,690.956096,0.067407,0.224826,0.106781,6.496153,0.003434
XYLE_ECOLI,143,150,ASMLSPMY,,,6.000000,899.400100,E397Q XylE apo,0.000000,900.013012,0.039481,0.000000,0.000000,5.932289,0.003255
XYLE_ECOLI,143,150,ASMLSPMY,,,6.000000,899.400100,E397Q XylE apo,5.000000,900.329932,0.009867,0.316920,0.040695,5.929781,0.001005
XYLE_ECOLI,143,150,ASMLSPMY,,,6.000000,899.400100,E397Q XylE apo,30.000002,900.768608,0.012707,0.755596,0.041476,5.930542,0.000937
XYLE_ECOLI,143,150,ASMLSPMY,,,6.000000,899.400100,WT XylE apo,0.000000,900.013012,0.039481,0.000000,0.000000,5.932289,0.003255
XYLE_ECOLI,143,150,ASMLSPMY,,,6.000000,899.400100,WT XylE apo,5.000000,900.287616,0.023377,0.274603,0.045883,5.931217,0.000404
XYLE_ECOLI,143,150,ASMLSPMY,,,6.000000,899.400100,WT XylE apo,30.000002,900.917519,0.023080,0.904506,0.045732,5.931411,0.001072
XYLE_ECOLI,151,163,IAELAPAHIRGKL,,,11.000000,1388.837200,E397Q XylE apo,0.000000,1389.526677,0.023085,0.000000,0.000000,4.149531,0.005396
XYLE_ECOLI,151,163,IAELAPAHIRGKL,,,11.000000,1388.837200,E397Q XylE apo,5.000000,1392.124779,0.174363,2.598102,0.175885,4.143931,0.006412
XYLE_ECOLI,151,163,IAELAPAHIRGKL,,,11.000000,1388.837200,E397Q XylE apo,30.000002,1392.382890,0.085224,2.856213,0.088295,4.145098,0.004780
XYLE_ECOLI,151,163,IAELAPAHIRGKL,,,11.000000,1388.837200,WT XylE apo,0.000000,1389.526677,0.023085,0.000000,0.000000,4.149531,0.005396
XYLE_ECOLI,151,163,IAELAPAHIRGKL,,,11.000000,1388.837200,WT XylE apo,5.000000,1392.141485,0.112704,2.614809,0.115044,4.148707,0.004708
XYLE_ECOLI,151,163,IAELAPAHIRGKL,,,11.000000,1388.837200,WT XylE apo,30.000002,1392.578128,0.084176,3.051451,0.087284,4.141428,0.003600
XYLE_ECOLI,153,163,ELAPAHIRGKL,,,9.000000,1204.716100,E397Q XylE apo,0.000000,1205.359477,0.041764,0.000000,0.000000,4.156787,0.003907
XYLE_ECOLI,153,163,ELAPAHIRGKL,,,9.000000,1204.716100,E397Q XylE apo,5.000000,1207.321316,0.015019,1.961840,0.044383,4.138618,0.001899
XYLE_ECOLI,153,163,ELAPAHIRGKL,,,9.000000,1204.716100,E397Q XylE apo,30.000002,1207.522590,0.071579,2.163114,0.082872,4.146576,0.003431
XYLE_ECOLI,153,163,ELAPAHIRGKL,,,9.000000,1204.716100,WT XylE apo,0.000000,1205.359477,0.041764,0.000000,0.000000,4.156787,0.003907
XYLE_ECOLI,153,163,ELAPAHIRGKL,,,9.000000,1204.716100,WT XylE apo,5.000000,1207.148460,0.044535,1.788984,0.061054,4.141430,0.001646
XYLE_ECOLI,153,163,ELAPAHIRGKL,,,9.000000,1204.716100,WT XylE apo,30.000002,1207.430362,0.076695,2.070885,0.087329,4.139231,0.004957
XYLE_ECOLI,154,163,LAPAHIRGKL,,,8.000000,1075.673500,E397Q XylE apo,0.000000,1076.287506,0.090832,0.000000,0.000000,4.153001,0.006070
XYLE_ECOLI,154,163,LAPAHIRGKL,,,8.000000,1075.673500,E397Q XylE apo,5.000000,1078.376386,0.010730,2.088880,0.091463,4.139961,0.003436
XYLE_ECOLI,154,163,LAPAHIRGKL,,,8.000000,1075.673500,E397Q XylE apo,30.000002,1078.426822,0.027183,2.139317,0.094812,4.148063,0.001508
XYLE_ECOLI,154,163,LAPAHIRGKL,,,8.000000,1075.673500,WT XylE apo,0.000000,1076.287506,0.090832,0.000000,0.000000,4.153001,0.006070
XYLE_ECOLI,154,163,LAPAHIRGKL,,,8.000000,1075.673500,WT XylE apo,5.000000,1078.089914,0.042895,1.802409,0.100451,4.140906,0.008318
XYLE_ECOLI,154,163,LAPAHIRGKL,,,8.000000,1075.673500,WT XylE apo,30.000002,1078.455456,0.120274,2.167950,0.150719,4.136078,0.004586
XYLE_ECOLI,156,163,PAHIRGKL,,,6.000000,891.552300,E397Q XylE apo,0.000000,891.963034,0.038814,0.000000,0.000000,4.159006,0.004582
XYLE_ECOLI,156,163,PAHIRGKL,,,6.000000,891.552300,E397Q XylE apo,5.000000,892.891941,0.055725,0.928907,0.067911,4.146658,0.006258
XYLE_ECOLI,156,163,PAHIRGKL,,,6.000000,891.552300,E397Q XylE apo,30.000002,892.886413,0.006827,0.923379,0.039410,4.147869,0.001006
XYLE_ECOLI,156,163,PAHIRGKL,,,6.000000,891.552300,WT XylE apo,0.000000,891.963034,0.038814,0.000000,0.000000,4.159006,0.004582
XYLE_ECOLI,156,163,PAHIRGKL,,,6.000000,891.552300,WT XylE apo,5.000000,892.780997,0.030509,0.817962,0.049369,4.153624,0.006405
XYLE_ECOLI,156,163,PAHIRGKL,,,6.000000,891.552300,WT XylE apo,30.000002,892.915805,0.057815,0.952771,0.069635,4.146858,0.003355
XYLE_ECOLI,177,183,LVYCVNY,,,6.000000,873.417500,E397Q XylE apo,0.000000,873.843780,0.046128,0.000000,0.000000,5.689216,0.002270
XYLE_ECOLI,177,183,LVYCVNY,,,6.000000,873.417500,E397Q XylE apo,5.000000,873.911366,0.082543,0.067586,0.094558,5.687733,0.006716
XYLE_ECOLI,177,183,LVYCVNY,,,6.000000,873.417500,E397Q XylE apo,30.000002,873.888333,0.023691,0.044554,0.051856,5.688581,0.005160
XYLE_ECOLI,177,183,LVYCVNY,,,6.000000,873.417500,WT XylE apo,0.000000,873.856713,0.023678,0.000000,0.000000,5.689703,0.001775
XYLE_ECOLI,177,183,LVYCVNY,,,6.000000,873.417500,WT XylE apo,5.000000,873.897191,0.025150,0.040479,0.034542,5.688685,0.001175
XYLE_ECOLI,177,183,LVYCVNY,,,6.000000,873.417500,WT XylE apo,30.000002,873.904688,0.012194,0.047975,0.026633,5.681384,0.006499
XYLE_ECOLI,184,193,FIARSGDASW,,,9.000000,1109.537400,E397Q XylE apo,0.000000,1110.200987,0.061819,0.000000,0.000000,5.024143,0.004938
XYLE_ECOLI,184,193,FIARSGDASW,,,9.000000,1109.537400,E397Q XylE apo,5.000000,1111.235483,0.063099,1.034496,0.088336,5.019429,0.000632
XYLE_ECOLI,184,193,FIARSGDASW,,,9.000000,1109.537400,E397Q XylE apo,30.000002,1111.506260,0.061892,1.305273,0.087477,5.020350,0.001214
XYLE_ECOLI,184,193,FIARSGDASW,,,9.000000,1109.537400,WT XylE apo,0.000000,1110.205172,0.051207,0.000000,0.000000,5.024142,0.004924
XYLE_ECOLI,184,193,FIARSGDASW,,,9.000000,1109.537400,WT XylE apo,5.000000,1111.411906,0.055255,1.206734,0.075334,5.020780,0.001462
XYLE_ECOLI,184,193,FIARSGDASW,,,9.000000,1109.537400,WT XylE apo,30.000002,1111.771266,0.076192,1.566094,0.091801,5.019076,0.002899
XYLE_ECOLI,184,194,FIARSGDASWL,,,10.000000,1222.621500,E397Q XylE apo,0.000000,1223.285152,0.047830,0.000000,0.000000,5.880592,0.003261
XYLE_ECOLI,184,194,FIARSGDASWL,,,10.000000,1222.621500,E397Q XylE apo,5.000000,1223.897079,0.040950,0.611927,0.062965,5.874194,0.006514
XYLE_ECOLI,184,194,FIARSGDASWL,,,10.000000,1222.621500,E397Q XylE apo,30.000002,1223.945781,0.149036,0.660629,0.156523,5.878195,0.002505
XYLE_ECOLI,184,194,FIARSGDASWL,,,10.000000,1222.621500,WT XylE apo,0.000000,1223.261876,0.053101,0.000000,0.000000,5.880579,0.003291
XYLE_ECOLI,184,194,FIARSGDASWL,,,10.000000,1222.621500,WT XylE apo,5.000000,1224.110740,0.087589,0.848864,0.102428,5.879954,0.001595
XYLE_ECOLI,184,194,FIARSGDASWL,,,10.000000,1222.621500,WT XylE apo,30.000002,1224.303714,0.058103,1.041837,0.078712,5.871933,0.004581
XYLE_ECOLI,194,203,LNTDGWRYMF,,,9.000000,1302.593600,E397Q XylE apo,0.000000,1303.313757,0.051462,0.000000,0.000000,6.703525,0.006597
XYLE_ECOLI,194,203,LNTDGWRYMF,,,9.000000,1302.593600,E397Q XylE apo,5.000000,1303.355245,0.018770,0.041488,0.054778,6.695193,0.000964
XYLE_ECOLI,194,203,LNTDGWRYMF,,,9.000000,1302.593600,E397Q XylE apo,30.000002,1303.362146,0.027286,0.048388,0.058248,6.695169,0.002467
XYLE_ECOLI,194,203,LNTDGWRYMF,,,9.000000,1302.593600,WT XylE apo,0.000000,1303.313757,0.051462,0.000000,0.000000,6.703525,0.006597
XYLE_ECOLI,194,203,LNTDGWRYMF,,,9.000000,1302.593600,WT XylE apo,5.000000,1303.315831,0.123475,0.002074,0.133770,6.702092,0.003170
XYLE_ECOLI,194,203,LNTDGWRYMF,,,9.000000,1302.593600,WT XylE apo,30.000002,1303.313252,0.022326,-0.000505,0.056096,6.699041,0.002129
XYLE_ECOLI,204,211,ASECIPAL,,,6.000000,803.396800,E397Q XylE apo,0.000000,803.854443,0.045982,0.000000,0.000000,5.700879,0.003877
XYLE_ECOLI,204,211,ASECIPAL,,,6.000000,803.396800,E397Q XylE apo,5.000000,803.843094,0.037422,-0.011349,0.059285,5.698328,0.006108
XYLE_ECOLI,204,211,ASECIPAL,,,6.000000,803.396800,E397Q XylE apo,30.000002,803.836604,0.038729,-0.017839,0.060119,5.699284,0.003074
XYLE_ECOLI,204,211,ASECIPAL,,,6.000000,803.396800,WT XylE apo,0.000000,803.854443,0.045982,0.000000,0.000000,5.700879,0.003877
XYLE_ECOLI,204,211,ASECIPAL,,,6.000000,803.396800,WT XylE apo,5.000000,803.833003,0.011674,-0.021440,0.047441,5.699072,0.002726
XYLE_ECOLI,204,211,ASECIPAL,,,6.000000,803.396800,WT XylE apo,30.000002,803.855971,0.024060,0.001528,0.051896,5.694536,0.003586
XYLE_ECOLI,204,212,ASECIPALL,,,7.000000,916.480800,E397Q XylE apo,0.000000,916.989519,0.026627,0.000000,0.000000,6.411294,0.003236
XYLE_ECOLI,204,212,ASECIPALL,,,7.000000,916.480800,E397Q XylE apo,5.000000,916.963498,0.039687,-0.026022,0.047792,6.403600,0.002564
XYLE_ECOLI,204,212,ASECIPALL,,,7.000000,916.480800,E397Q XylE apo,30.000002,916.969632,0.037020,-0.019887,0.045601,6.407466,0.004865
XYLE_ECOLI,204,212,ASECIPALL,,,7.000000,916.480800,WT XylE apo,0.000000,916.989519,0.026627,0.000000,0.000000,6.411294,0.003236
XYLE_ECOLI,204,212,ASECIPALL,,,7.000000,916.480800,WT XylE apo,5.000000,916.995456,0.032089,0.005937,0.041697,6.410212,0.001881
XYLE_ECOLI,204,212,ASECIPALL,,,7.000000,916.480800,WT XylE apo,30.000002,917.063674,0.067778,0.074154,0.072821,6.402205,0.005311
XYLE_ECOLI,205,212,SECIPALL,,,6.000000,845.443700,E397Q XylE apo,0.000000,845.918709,0.042036,0.000000,0.000000,6.447529,0.003767
XYLE_ECOLI,205,212,SECIPALL,,,6.000000,845.443700,E397Q XylE apo,5.000000,846.103286,0.030293,0.184577,0.051814,6.445375,0.003810
XYLE_ECOLI,205,212,SECIPALL,,,6.000000,845.443700,E397Q XylE apo,30.000002,845.989115,0.057387,0.070406,0.071136,6.443903,0.001807
XYLE_ECOLI,205,212,SECIPALL,,,6.000000,845.443700,WT XylE apo,0.000000,845.918709,0.042036,0.000000,0.000000,6.447529,0.003767
XYLE_ECOLI,205,212,SECIPALL,,,6.000000,845.443700,WT XylE apo,5.000000,846.023941,0.101562,0.105233,0.109918,6.453407,0.002578
XYLE_ECOLI,205,212,SECIPALL,,,6.000000,845.443700,WT XylE apo,30.000002,845.977861,0.018791,0.059152,0.046045,6.447102,0.003064
XYLE_ECOLI,217,226,LYTVPESPRW,,,7.000000,1247.641900,E397Q XylE apo,0.000000,1248.395470,0.080043,0.000000,0.000000,5.567404,0.004750
XYLE_ECOLI,217,226,LYTVPESPRW,,,7.000000,1247.641900,E397Q XylE apo,5.000000,1249.549289,0.094143,1.153819,0.123571,5.561388,0.001080
XYLE_ECOLI,217,226,LYTVPESPRW,,,7.000000,1247.641900,E397Q XylE apo,30.000002,1249.732452,0.074662,1.336982,0.109459,5.562506,0.003542
XYLE_ECOLI,217,226,LYTVPESPRW,,,7.000000,1247.641900,WT XylE apo,0.000000,1248.382684,0.099495,0.000000,0.000000,5.567389,0.004771
XYLE_ECOLI,217,226,LYTVPESPRW,,,7.000000,1247.641900,WT XylE apo,5.000000,1249.527308,0.022221,1.144624,0.101946,5.568141,0.002513
XYLE_ECOLI,217,226,LYTVPESPRW,,,7.000000,1247.641900,WT XylE apo,30.000002,1249.927981,0.020065,1.545298,0.101498,5.566389,0.003864
XYLE_ECOLI,218,226,YTVPESPRW,,,6.000000,1134.557800,E397Q XylE apo,0.000000,1135.381028,0.099743,0.000000,0.000000,5.313519,0.005472
XYLE_ECOLI,218,226,YTVPESPRW,,,6.000000,1134.557800,E397Q XylE apo,5.000000,1136.664986,0.035185,1.283957,0.105767,5.305120,0.006250
XYLE_ECOLI,218,226,YTVPESPRW,,,6.000000,1134.557800,E397Q XylE apo,30.000002,1136.876010,0.066614,1.494982,0.119942,5.308868,0.007338
XYLE_ECOLI,218,226,YTVPESPRW,,,6.000000,1134.557800,WT XylE apo,0.000000,1135.381028,0.099743,0.000000,0.000000,5.313519,0.005472
XYLE_ECOLI,218,226,YTVPESPRW,,,6.000000,1134.557800,WT XylE apo,5.000000,1136.731821,0.092006,1.350793,0.135698,5.310316,0.004164
XYLE_ECOLI,218,226,YTVPESPRW,,,6.000000,1134.557800,WT XylE apo,30.000002,1137.090804,0.081045,1.709776,0.128519,5.300654,0.009482
XYLE_ECOLI,218,227,YTVPESPRWL,,,7.000000,1247.641900,E397Q XylE apo,0.000000,1248.355116,0.071331,0.000000,0.000000,5.935203,0.004355
XYLE_ECOLI,218,227,YTVPESPRWL,,,7.000000,1247.641900,E397Q XylE apo,5.000000,1249.666730,0.134643,1.311614,0.152371,5.929587,0.002177
XYLE_ECOLI,218,227,YTVPESPRWL,,,7.000000,1247.641900,E397Q XylE apo,30.000002,1250.255142,0.036647,1.900026,0.080194,5.932114,0.004421
XYLE_ECOLI,218,227,YTVPESPRWL,,,7.000000,1247.641900,WT XylE apo,0.000000,1248.334481,0.094701,0.000000,0.000000,5.935052,0.004330
XYLE_ECOLI,218,227,YTVPESPRWL,,,7.000000,1247.641900,WT XylE apo,5.000000,1249.893837,0.144754,1.559356,0.172980,5.933842,0.002391
XYLE_ECOLI,218,227,YTVPESPRWL,,,7.000000,1247.641900,WT XylE apo,30.000002,1250.509188,0.114202,2.174707,0.148359,5.933427,0.001249
XYLE_ECOLI,239,248,ILRKIMGNTL,,,9.000000,1158.702700,E397Q XylE apo,0.000000,1159.277574,0.029083,0.000000,0.000000,4.608335,0.006685
XYLE_ECOLI,239,248,ILRKIMGNTL,,,9.000000,1158.702700,E397Q XylE apo,5.000000,1163.140034,0.063012,3.862460,0.069400,4.591445,0.000582
XYLE_ECOLI,239,248,ILRKIMGNTL,,,9.000000,1158.702700,E397Q XylE apo,30.000002,1163.717663,0.055596,4.440089,0.062744,4.601413,0.003301
XYLE_ECOLI,239,248,ILRKIMGNTL,,,9.000000,1158.702700,WT XylE apo,0.000000,1159.277574,0.029083,0.000000,0.000000,4.608335,0.006685
XYLE_ECOLI,239,248,ILRKIMGNTL,,,9.000000,1158.702700,WT XylE apo,5.000000,1163.124758,0.101021,3.847184,0.105124,4.604513,0.001632
XYLE_ECOLI,239,248,ILRKIMGNTL,,,9.000000,1158.702700,WT XylE apo,30.000002,1163.797400,0.129321,4.519826,0.132551,4.603772,0.002582
XYLE_ECOLI,241,248,RKIMGNTL,,,7.000000,932.534600,E397Q XylE apo,0.000000,933.314077,0.081366,0.000000,0.000000,3.945311,0.005621
XYLE_ECOLI,241,248,RKIMGNTL,,,7.000000,932.534600,E397Q XylE apo,5.000000,935.762549,0.051194,2.448471,0.096132,3.938446,0.004943
XYLE_ECOLI,241,248,RKIMGNTL,,,7.000000,932.534600,E397Q XylE apo,30.000002,936.143871,0.052595,2.829794,0.096885,3.938951,0.006745
XYLE_ECOLI,241,248,RKIMGNTL,,,7.000000,932.534600,WT XylE apo,0.000000,933.314077,0.081366,0.000000,0.000000,3.945311,0.005621
XYLE_ECOLI,241,248,RKIMGNTL,,,7.000000,932.534600,WT XylE apo,5.000000,935.702272,0.101975,2.388195,0.130459,3.950938,0.002568
XYLE_ECOLI,241,248,RKIMGNTL,,,7.000000,932.534600,WT XylE apo,30.000002,936.091160,0.057151,2.777083,0.099432,3.939557,0.008043
XYLE_ECOLI,241,251,RKIMGNTLATQ,,,10.000000,1232.678000,E397Q XylE apo,0.000000,1233.373217,0.041525,0.000000,0.000000,3.611326,0.011416
XYLE_ECOLI,241,251,RKIMGNTLATQ,,,10.000000,1232.678000,E397Q XylE apo,5.000000,1238.381384,0.002033,5.008167,0.041574,3.605966,0.000715
XYLE_ECOLI,241,251,RKIMGNTLATQ,,,10.000000,1232.678000,E397Q XylE apo,30.000002,1238.585080,0.081211,5.211862,0.091212,3.578783,0.029229
XYLE_ECOLI,241,251,RKIMGNTLATQ,,,10.000000,1232.678000,WT XylE apo,0.000000,1233.373217,0.041525,0.000000,0.000000,3.611326,0.011416
XYLE_ECOLI,241,251,RKIMGNTLATQ,,,10.000000,1232.678000,WT XylE apo,5.000000,1238.247988,0.122962,4.874771,0.129784,3.612728,0.001004
XYLE_ECOLI,241,251,RKIMGNTLATQ,,,10.000000,1232.678000,WT XylE apo,30.000002,1238.597521,0.057689,5.224304,0.071080,3.561970,0.009344
XYLE_ECOLI,241,252,RKIMGNTLATQA,,,11.000000,1303.715100,E397Q XylE apo,0.000000,1304.439834,0.054065,0.000000,0.000000,3.768206,0.011576
XYLE_ECOLI,241,252,RKIMGNTLATQA,,,11.000000,1303.715100,E397Q XylE apo,5.000000,1309.882332,0.098509,5.442499,0.112370,3.751836,0.018307
XYLE_ECOLI,241,252,RKIMGNTLATQA,,,11.000000,1303.715100,E397Q XylE apo,30.000002,1310.450905,0.192690,6.011071,0.200131,3.760056,0.003552
XYLE_ECOLI,241,252,RKIMGNTLATQA,,,11.000000,1303.715100,WT XylE apo,0.000000,1304.439834,0.054065,0.000000,0.000000,3.768206,0.011576
XYLE_ECOLI,241,252,RKIMGNTLATQA,,,11.000000,1303.715100,WT XylE apo,5.000000,1309.835933,0.110529,5.396099,0.123043,3.766402,0.004480
XYLE_ECOLI,241,252,RKIMGNTLATQA,,,11.000000,1303.715100,WT XylE apo,30.000002,1310.571782,0.178975,6.131948,0.186963,3.751320,0.001634
XYLE_ECOLI,252,272,AVQEIKHSLDHGRKTGGRLLM,,,20.000000,2346.282300,E397Q XylE apo,0.000000,2347.805000,0.174045,0.000000,0.000000,3.792773,0.006902
XYLE_ECOLI,252,272,AVQEIKHSLDHGRKTGGRLLM,,,20.000000,2346.282300,E397Q XylE apo,5.000000,2352.381212,0.454769,4.576212,0.486936,3.780207,0.005116
XYLE_ECOLI,252,272,AVQEIKHSLDHGRKTGGRLLM,,,20.000000,2346.282300,E397Q XylE apo,30.000002,2352.464279,0.470729,4.659278,0.501874,3.782008,0.006462
XYLE_ECOLI,252,272,AVQEIKHSLDHGRKTGGRLLM,,,20.000000,2346.282300,WT XylE apo,0.000000,2347.787662,0.189678,0.000000,0.000000,3.792696,0.006989
XYLE_ECOLI,252,272,AVQEIKHSLDHGRKTGGRLLM,,,20.000000,2346.282300,WT XylE apo,5.000000,2352.155997,0.403353,4.368335,0.445726,3.782566,0.004887
XYLE_ECOLI,252,272,AVQEIKHSLDHGRKTGGRLLM,,,20.000000,2346.282300,WT XylE apo,30.000002,2352.476010,0.353524,4.688348,0.401195,3.778928,0.006299
XYLE_ECOLI,271,277,LMFGVGV,,,6.000000,722.390600,E397Q XylE apo,0.000000,722.826179,0.021168,0.000000,0.000000,6.671056,0.002251
XYLE_ECOLI,271,277,LMFGVGV,,,6.000000,722.390600,E397Q XylE apo,5.000000,725.907680,0.047961,3.081501,0.052424,6.656589,0.002350
XYLE_ECOLI,271,277,LMFGVGV,,,6.000000,722.390600,E397Q XylE apo,30.000002,726.178109,0.056196,3.351930,0.060050,6.655918,0.004916
XYLE_ECOLI,271,277,LMFGVGV,,,6.000000,722.390600,WT XylE apo,0.000000,722.826179,0.021168,0.000000,0.000000,6.671056,0.002251
XYLE_ECOLI,271,277,LMFGVGV,,,6.000000,722.390600,WT XylE apo,5.000000,725.667993,0.073931,2.841814,0.076902,6.663787,0.004481
XYLE_ECOLI,271,277,LMFGVGV,,,6.000000,722.390600,WT XylE apo,30.000002,726.040703,0.026083,3.214524,0.033592,6.658717,0.005881
XYLE_ECOLI,277,283,VIVIGVM,,,6.000000,730.453200,E397Q XylE apo,0.000000,730.968150,0.053235,0.000000,0.000000,6.294125,0.002590
XYLE_ECOLI,277,283,VIVIGVM,,,6.000000,730.453200,E397Q XylE apo,5.000000,731.026742,0.024483,0.058593,0.058595,6.288789,0.002571
XYLE_ECOLI,277,283,VIVIGVM,,,6.000000,730.453200,E397Q XylE apo,30.000002,731.037608,0.021696,0.069459,0.057487,6.287820,0.001160
XYLE_ECOLI,277,283,VIVIGVM,,,6.000000,730.453200,WT XylE apo,0.000000,730.968150,0.053235,0.000000,0.000000,6.294125,0.002590
XYLE_ECOLI,277,283,VIVIGVM,,,6.000000,730.453200,WT XylE apo,5.000000,730.987843,0.013377,0.019694,0.054890,6.296770,0.003381
XYLE_ECOLI,277,283,VIVIGVM,,,6.000000,730.453200,WT XylE apo,30.000002,731.006602,0.017394,0.038453,0.056005,6.291531,0.005723
XYLE_ECOLI,284,290,LSIFQQF,,,6.000000,882.472000,E397Q XylE apo,0.000000,882.915294,0.017951,0.000000,0.000000,6.962480,0.002903
XYLE_ECOLI,284,290,LSIFQQF,,,6.000000,882.472000,E397Q XylE apo,5.000000,882.944926,0.036496,0.029632,0.040672,6.951978,0.000568
XYLE_ECOLI,284,290,LSIFQQF,,,6.000000,882.472000,E397Q XylE apo,30.000002,882.959698,0.025006,0.044404,0.030782,6.958506,0.002316
XYLE_ECOLI,284,290,LSIFQQF,,,6.000000,882.472000,WT XylE apo,0.000000,882.915294,0.017951,0.000000,0.000000,6.962480,0.002903
XYLE_ECOLI,284,290,LSIFQQF,,,6.000000,882.472000,WT XylE apo,5.000000,882.918289,0.025213,0.002995,0.030951,6.958221,0.002464
XYLE_ECOLI,284,290,LSIFQQF,,,6.000000,882.472000,WT XylE apo,30.000002,882.972860,0.043660,0.057566,0.047207,6.952394,0.003998
XYLE_ECOLI,298,304,YYAPEVF,,,5.000000,888.413800,E397Q XylE apo,0.000000,888.927918,0.032877,0.000000,0.000000,6.210493,0.003278
XYLE_ECOLI,298,304,YYAPEVF,,,5.000000,888.413800,E397Q XylE apo,5.000000,888.865349,0.002811,-0.062569,0.032997,6.205544,0.002568
XYLE_ECOLI,298,304,YYAPEVF,,,5.000000,888.413800,E397Q XylE apo,30.000002,888.919394,0.022235,-0.008524,0.039690,6.202209,0.003319
XYLE_ECOLI,298,304,YYAPEVF,,,5.000000,888.413800,WT XylE apo,0.000000,888.927918,0.032877,0.000000,0.000000,6.210493,0.003278
XYLE_ECOLI,298,304,YYAPEVF,,,5.000000,888.413800,WT XylE apo,5.000000,889.071311,0.025930,0.143393,0.041872,6.207527,0.001441
XYLE_ECOLI,298,304,YYAPEVF,,,5.000000,888.413800,WT XylE apo,30.000002,889.440554,0.053392,0.512636,0.062703,6.198391,0.004468
XYLE_ECOLI,319,325,IIVGVIN,,,6.000000,727.471300,E397Q XylE apo,0.000000,727.801433,0.017940,0.000000,0.000000,5.197123,0.004087
XYLE_ECOLI,319,325,IIVGVIN,,,6.000000,727.471300,E397Q XylE apo,5.000000,727.859018,0.009924,0.057585,0.020502,5.192060,0.000800
XYLE_ECOLI,319,325,IIVGVIN,,,6.000000,727.471300,E397Q XylE apo,30.000002,727.840383,0.005578,0.038950,0.018788,5.192619,0.004231
XYLE_ECOLI,319,325,IIVGVIN,,,6.000000,727.471300,WT XylE apo,0.000000,727.801433,0.017940,0.000000,0.000000,5.197123,0.004087
XYLE_ECOLI,319,325,IIVGVIN,,,6.000000,727.471300,WT XylE apo,5.000000,727.796101,0.004905,-0.005332,0.018599,5.196823,0.000463
XYLE_ECOLI,319,325,IIVGVIN,,,6.000000,727.471300,WT XylE apo,30.000002,727.856188,0.013146,0.054755,0.022241,5.194305,0.003384
XYLE_ECOLI,319,326,IIVGVINL,,,7.000000,840.555300,E397Q XylE apo,0.000000,840.986200,0.040695,0.000000,0.000000,6.758714,0.003682
XYLE_ECOLI,319,326,IIVGVINL,,,7.000000,840.555300,E397Q XylE apo,5.000000,840.951596,0.038419,-0.034605,0.055966,6.752082,0.003665
XYLE_ECOLI,319,326,IIVGVINL,,,7.000000,840.555300,E397Q XylE apo,30.000002,840.928786,0.061088,-0.057414,0.073402,6.754526,0.001434
XYLE_ECOLI,319,326,IIVGVINL,,,7.000000,840.555300,WT XylE apo,0.000000,840.986200,0.040695,0.000000,0.000000,6.758714,0.003682
XYLE_ECOLI,319,326,IIVGVINL,,,7.000000,840.555300,WT XylE apo,5.000000,840.973697,0.052084,-0.012504,0.066097,6.754703,0.005230
XYLE_ECOLI,319,326,IIVGVINL,,,7.000000,840.555300,WT XylE apo,30.000002,841.002863,0.020200,0.016663,0.045433,6.748331,0.003170
XYLE_ECOLI,335,351,TVDKFGRKPLQIIGALG,,,15.000000,1813.069400,E397Q XylE apo,0.000000,1814.202123,0.042037,0.000000,0.000000,5.287783,0.006075
XYLE_ECOLI,335,351,TVDKFGRKPLQIIGALG,,,15.000000,1813.069400,E397Q XylE apo,5.000000,1815.831842,0.192775,1.629719,0.197305,5.272816,0.005046
XYLE_ECOLI,335,351,TVDKFGRKPLQIIGALG,,,15.000000,1813.069400,E397Q XylE apo,30.000002,1816.115872,0.104009,1.913749,0.112183,5.275860,0.000819
XYLE_ECOLI,335,351,TVDKFGRKPLQIIGALG,,,15.000000,1813.069400,WT XylE apo,0.000000,1814.202123,0.042037,0.000000,0.000000,5.287783,0.006075
XYLE_ECOLI,335,351,TVDKFGRKPLQIIGALG,,,15.000000,1813.069400,WT XylE apo,5.000000,1815.435097,0.061743,1.232975,0.074695,5.279332,0.005661
XYLE_ECOLI,335,351,TVDKFGRKPLQIIGALG,,,15.000000,1813.069400,WT XylE apo,30.000002,1815.723311,0.085560,1.521188,0.095330,5.283922,0.003182
XYLE_ECOLI,335,352,TVDKFGRKPLQIIGALGM,,,16.000000,1944.109900,E397Q XylE apo,0.000000,1945.294067,0.081939,0.000000,0.000000,5.822192,0.006891
XYLE_ECOLI,335,352,TVDKFGRKPLQIIGALGM,,,16.000000,1944.109900,E397Q XylE apo,5.000000,1947.035581,0.057419,1.741514,0.100055,5.814983,0.007442
XYLE_ECOLI,335,352,TVDKFGRKPLQIIGALGM,,,16.000000,1944.109900,E397Q XylE apo,30.000002,1947.508089,0.089790,2.214022,0.121558,5.809153,0.008359
XYLE_ECOLI,335,352,TVDKFGRKPLQIIGALGM,,,16.000000,1944.109900,WT XylE apo,0.000000,1945.278564,0.069007,0.000000,0.000000,5.822124,0.006926
XYLE_ECOLI,335,352,TVDKFGRKPLQIIGALGM,,,16.000000,1944.109900,WT XylE apo,5.000000,1946.720275,0.050790,1.441711,0.085683,5.812969,0.002374
XYLE_ECOLI,335,352,TVDKFGRKPLQIIGALGM,,,16.000000,1944.109900,WT XylE apo,30.000002,1947.118951,0.028918,1.840387,0.074821,5.812034,0.009922
XYLE_ECOLI,335,353,TVDKFGRKPLQIIGALGMA,,,17.000000,2015.147000,E397Q XylE apo,0.000000,2016.207486,0.104943,0.000000,0.000000,5.707432,0.008908
XYLE_ECOLI,335,353,TVDKFGRKPLQIIGALGMA,,,17.000000,2015.147000,E397Q XylE apo,5.000000,2018.343390,0.150314,2.135904,0.183323,5.702398,0.001401
XYLE_ECOLI,335,353,TVDKFGRKPLQIIGALGMA,,,17.000000,2015.147000,E397Q XylE apo,30.000002,2018.618536,0.156159,2.411050,0.188145,5.706713,0.001388
XYLE_ECOLI,335,353,TVDKFGRKPLQIIGALGMA,,,17.000000,2015.147000,WT XylE apo,0.000000,2016.207486,0.104943,0.000000,0.000000,5.707432,0.008908
XYLE_ECOLI,335,353,TVDKFGRKPLQIIGALGMA,,,17.000000,2015.147000,WT XylE apo,5.000000,2017.601219,0.049983,1.393733,0.116238,5.702662,0.000701
XYLE_ECOLI,335,353,TVDKFGRKPLQIIGALGMA,,,17.000000,2015.147000,WT XylE apo,30.000002,2018.132882,0.074807,1.925396,0.128876,5.698246,0.006365
XYLE_ECOLI,340,351,GRKPLQIIGALG,,,10.000000,1222.763000,E397Q XylE apo,0.000000,1223.330011,0.108837,0.000000,0.000000,5.206011,0.006415
XYLE_ECOLI,340,351,GRKPLQIIGALG,,,10.000000,1222.763000,E397Q XylE apo,5.000000,1224.025708,0.039274,0.695697,0.115707,5.201380,0.002691
XYLE_ECOLI,340,351,GRKPLQIIGALG,,,10.000000,1222.763000,E397Q XylE apo,30.000002,1224.433610,0.074362,1.103599,0.131815,5.201820,0.004609
XYLE_ECOLI,340,351,GRKPLQIIGALG,,,10.000000,1222.763000,WT XylE apo,0.000000,1223.330011,0.108837,0.000000,0.000000,5.206011,0.006415
XYLE_ECOLI,340,351,GRKPLQIIGALG,,,10.000000,1222.763000,WT XylE apo,5.000000,1223.535040,0.031080,0.205029,0.113188,5.199075,0.008315
XYLE_ECOLI,340,351,GRKPLQIIGALG,,,10.000000,1222.763000,WT XylE apo,30.000002,1223.917454,0.081741,0.587443,0.136114,5.200647,0.004264
XYLE_ECOLI,346,352,IIGALGM,,,6.000000,674.390600,E397Q XylE apo,0.000000,674.727201,0.039043,0.000000,0.000000,5.901380,0.003692
XYLE_ECOLI,346,352,IIGALGM,,,6.000000,674.390600,E397Q XylE apo,5.000000,674.738335,0.022826,0.011134,0.045226,5.893787,0.000300
XYLE_ECOLI,346,352,IIGALGM,,,6.000000,674.390600,E397Q XylE apo,30.000002,674.745295,0.046956,0.018093,0.061068,5.898286,0.002764
XYLE_ECOLI,346,352,IIGALGM,,,6.000000,674.390600,WT XylE apo,0.000000,674.727201,0.039043,0.000000,0.000000,5.901380,0.003692
XYLE_ECOLI,346,352,IIGALGM,,,6.000000,674.390600,WT XylE apo,5.000000,674.755272,0.018082,0.028070,0.043027,5.902861,0.004779
XYLE_ECOLI,346,352,IIGALGM,,,6.000000,674.390600,WT XylE apo,30.000002,674.705046,0.021102,-0.022156,0.044381,5.890502,0.003580
XYLE_ECOLI,346,353,IIGALGMA,,,7.000000,745.427700,E397Q XylE apo,0.000000,745.758522,0.049553,0.000000,0.000000,5.702487,0.003319
XYLE_ECOLI,346,353,IIGALGMA,,,7.000000,745.427700,E397Q XylE apo,5.000000,745.814695,0.020433,0.056173,0.053601,5.698873,0.006927
XYLE_ECOLI,346,353,IIGALGMA,,,7.000000,745.427700,E397Q XylE apo,30.000002,745.811533,0.043201,0.053011,0.065741,5.701668,0.004045
XYLE_ECOLI,346,353,IIGALGMA,,,7.000000,745.427700,WT XylE apo,0.000000,745.758522,0.049553,0.000000,0.000000,5.702487,0.003319
XYLE_ECOLI,346,353,IIGALGMA,,,7.000000,745.427700,WT XylE apo,5.000000,745.809353,0.030848,0.050831,0.058371,5.701667,0.002763
XYLE_ECOLI,346,353,IIGALGMA,,,7.000000,745.427700,WT XylE apo,30.000002,745.786062,0.028493,0.027541,0.057161,5.692239,0.003802
XYLE_ECOLI,349,356,ALGMAIGM,,,7.000000,763.384100,E397Q XylE apo,0.000000,763.611939,0.028335,0.000000,0.000000,5.531083,0.004525
XYLE_ECOLI,349,356,ALGMAIGM,,,7.000000,763.384100,E397Q XylE apo,5.000000,764.080571,0.058789,0.468632,0.065262,5.523780,0.005157
XYLE_ECOLI,349,356,ALGMAIGM,,,7.000000,763.384100,E397Q XylE apo,30.000002,764.077201,0.041449,0.465262,0.050209,5.529744,0.001036
XYLE_ECOLI,349,356,ALGMAIGM,,,7.000000,763.384100,WT XylE apo,0.000000,763.611939,0.028335,0.000000,0.000000,5.531083,0.004525
XYLE_ECOLI,349,356,ALGMAIGM,,,7.000000,763.384100,WT XylE apo,5.000000,764.048853,0.037629,0.436914,0.047104,5.531583,0.005234
XYLE_ECOLI,349,356,ALGMAIGM,,,7.000000,763.384100,WT XylE apo,30.000002,764.106309,0.063124,0.494371,0.069192,5.521578,0.003052
XYLE_ECOLI,350,356,LGMAIGM,,,6.000000,692.347000,E397Q XylE apo,0.000000,692.754149,0.053512,0.000000,0.000000,5.907878,0.003118
XYLE_ECOLI,350,356,LGMAIGM,,,6.000000,692.347000,E397Q XylE apo,5.000000,692.821920,0.021464,0.067770,0.057656,5.902545,0.003446
XYLE_ECOLI,350,356,LGMAIGM,,,6.000000,692.347000,E397Q XylE apo,30.000002,692.795446,0.039902,0.041297,0.066751,5.904766,0.004854
XYLE_ECOLI,350,356,LGMAIGM,,,6.000000,692.347000,WT XylE apo,0.000000,692.754149,0.053512,0.000000,0.000000,5.907878,0.003118
XYLE_ECOLI,350,356,LGMAIGM,,,6.000000,692.347000,WT XylE apo,5.000000,692.771770,0.047430,0.017620,0.071506,5.908430,0.001266
XYLE_ECOLI,350,356,LGMAIGM,,,6.000000,692.347000,WT XylE apo,30.000002,692.845515,0.043515,0.091366,0.068972,5.901340,0.001742
XYLE_ECOLI,357,363,FSLGTAF,,,6.000000,742.377000,E397Q XylE apo,0.000000,742.949577,0.060583,0.000000,0.000000,6.496246,0.002030
XYLE_ECOLI,357,363,FSLGTAF,,,6.000000,742.377000,E397Q XylE apo,5.000000,743.004564,0.012384,0.054987,0.061836,6.493294,0.003761
XYLE_ECOLI,357,363,FSLGTAF,,,6.000000,742.377000,E397Q XylE apo,30.000002,743.027437,0.012662,0.077861,0.061892,6.492660,0.000627
XYLE_ECOLI,357,363,FSLGTAF,,,6.000000,742.377000,WT XylE apo,0.000000,742.949577,0.060583,0.000000,0.000000,6.496246,0.002030
XYLE_ECOLI,357,363,FSLGTAF,,,6.000000,742.377000,WT XylE apo,5.000000,743.003081,0.023719,0.053504,0.065061,6.495420,0.003750
XYLE_ECOLI,357,363,FSLGTAF,,,6.000000,742.377000,WT XylE apo,30.000002,743.021396,0.016479,0.071819,0.062785,6.490934,0.003341
XYLE_ECOLI,364,371,YTQAPGIV,,,6.000000,848.451200,E397Q XylE apo,0.000000,848.712999,0.043346,0.000000,0.000000,4.762394,0.007494
XYLE_ECOLI,364,371,YTQAPGIV,,,6.000000,848.451200,E397Q XylE apo,5.000000,849.657405,0.048855,0.944406,0.065312,4.760071,0.005736
XYLE_ECOLI,364,371,YTQAPGIV,,,6.000000,848.451200,E397Q XylE apo,30.000002,849.806177,0.030148,1.093178,0.052800,4.763752,0.001151
XYLE_ECOLI,364,371,YTQAPGIV,,,6.000000,848.451200,WT XylE apo,0.000000,848.712999,0.043346,0.000000,0.000000,4.762394,0.007494
XYLE_ECOLI,364,371,YTQAPGIV,,,6.000000,848.451200,WT XylE apo,5.000000,849.621558,0.101446,0.908559,0.110319,4.767541,0.004145
XYLE_ECOLI,364,371,YTQAPGIV,,,6.000000,848.451200,WT XylE apo,30.000002,850.067232,0.093276,1.354233,0.102856,4.759097,0.003447
XYLE_ECOLI,364,373,YTQAPGIVAL,,,8.000000,1032.572400,E397Q XylE apo,0.000000,1033.117351,0.222028,0.000000,0.000000,5.775444,0.005259
XYLE_ECOLI,364,373,YTQAPGIVAL,,,8.000000,1032.572400,E397Q XylE apo,5.000000,1034.027865,0.057805,0.910514,0.229429,5.768486,0.002636
XYLE_ECOLI,364,373,YTQAPGIVAL,,,8.000000,1032.572400,E397Q XylE apo,30.000002,1034.180507,0.200565,1.063156,0.299204,5.768157,0.003385
XYLE_ECOLI,364,373,YTQAPGIVAL,,,8.000000,1032.572400,WT XylE apo,0.000000,1033.117351,0.222028,0.000000,0.000000,5.775444,0.005259
XYLE_ECOLI,364,373,YTQAPGIVAL,,,8.000000,1032.572400,WT XylE apo,5.000000,1034.032247,0.123287,0.914896,0.253961,5.770148,0.006010
XYLE_ECOLI,364,373,YTQAPGIVAL,,,8.000000,1032.572400,WT XylE apo,30.000002,1034.478149,0.082681,1.360798,0.236923,5.767039,0.004770
XYLE_ECOLI,383,392,FAMSWGPVCW,,,8.000000,1183.506300,E397Q XylE apo,0.000000,1184.243976,0.045035,0.000000,0.000000,7.919213,0.006687
XYLE_ECOLI,383,392,FAMSWGPVCW,,,8.000000,1183.506300,E397Q XylE apo,5.000000,1184.419671,0.019614,0.175696,0.049121,7.919980,0.004207
XYLE_ECOLI,383,392,FAMSWGPVCW,,,8.000000,1183.506300,E397Q XylE apo,30.000002,1184.554000,0.078924,0.310024,0.090869,7.916883,0.004625
XYLE_ECOLI,383,392,FAMSWGPVCW,,,8.000000,1183.506300,WT XylE apo,0.000000,1184.243976,0.045035,0.000000,0.000000,7.919213,0.006687
XYLE_ECOLI,383,392,FAMSWGPVCW,,,8.000000,1183.506300,WT XylE apo,5.000000,1184.374939,0.081270,0.130963,0.092913,7.925580,0.003702
XYLE_ECOLI,383,392,FAMSWGPVCW,,,8.000000,1183.506300,WT XylE apo,30.000002,1184.523096,0.030805,0.279120,0.054563,7.914958,0.006118
XYLE_ECOLI,384,391,AMSWGPVC,,,6.000000,850.358600,E397Q XylE apo,0.000000,850.922781,0.066044,0.000000,0.000000,6.223702,0.004253
XYLE_ECOLI,384,391,AMSWGPVC,,,6.000000,850.358600,E397Q XylE apo,5.000000,851.065335,0.061395,0.142554,0.090173,6.217488,0.002790
XYLE_ECOLI,384,391,AMSWGPVC,,,6.000000,850.358600,E397Q XylE apo,30.000002,851.382028,0.024063,0.459247,0.070291,6.218407,0.001434
XYLE_ECOLI,384,391,AMSWGPVC,,,6.000000,850.358600,WT XylE apo,0.000000,850.922781,0.066044,0.000000,0.000000,6.223702,0.004253
XYLE_ECOLI,384,391,AMSWGPVC,,,6.000000,850.358600,WT XylE apo,5.000000,851.129658,0.037560,0.206878,0.075977,6.220504,0.001738
XYLE_ECOLI,384,391,AMSWGPVC,,,6.000000,850.358600,WT XylE apo,30.000002,851.259468,0.041592,0.336687,0.078049,6.212982,0.003368
XYLE_ECOLI,395,409,LSEIFPNAIRGKALA,,,13.000000,1599.921700,E397Q XylE apo,0.000000,1601.076556,0.061066,0.000000,0.000000,5.151472,0.009264
XYLE_ECOLI,395,409,LSEIFPNAIRGKALA,,,13.000000,1599.921700,E397Q XylE apo,5.000000,1603.302726,0.252566,2.226171,0.259843,5.098575,0.007035
XYLE_ECOLI,395,409,LSEIFPNAIRGKALA,,,13.000000,1599.921700,E397Q XylE apo,30.000002,1604.305274,0.096700,3.228718,0.114368,5.071290,0.002875
XYLE_ECOLI,395,409,LSEIFPNAIRGKALA,,,13.000000,1599.921700,WT XylE apo,0.000000,1601.076556,0.061066,0.000000,0.000000,5.151472,0.009264
XYLE_ECOLI,395,409,LSEIFPNAIRGKALA,,,13.000000,1599.921700,WT XylE apo,5.000000,1602.469766,0.032013,1.393210,0.068948,5.158623,0.009157
XYLE_ECOLI,395,409,LSEIFPNAIRGKALA,,,13.000000,1599.921700,WT XylE apo,30.000002,1603.179830,0.038168,2.103275,0.072012,5.147558,0.006669
XYLE_ECOLI,408,415,LAIAVAAQ,,,7.000000,756.461400,E397Q XylE apo,0.000000,756.692547,0.023537,0.000000,0.000000,4.471743,0.003819
XYLE_ECOLI,408,415,LAIAVAAQ,,,7.000000,756.461400,E397Q XylE apo,5.000000,756.991538,0.028991,0.298991,0.037343,4.465918,0.002848
XYLE_ECOLI,408,415,LAIAVAAQ,,,7.000000,756.461400,E397Q XylE apo,30.000002,757.045892,0.023000,0.353345,0.032909,4.468452,0.005893
XYLE_ECOLI,408,415,LAIAVAAQ,,,7.000000,756.461400,WT XylE apo,0.000000,756.692547,0.023537,0.000000,0.000000,4.471743,0.003819
XYLE_ECOLI,408,415,LAIAVAAQ,,,7.000000,756.461400,WT XylE apo,5.000000,756.776203,0.045292,0.083656,0.051043,4.472290,0.006867
XYLE_ECOLI,408,415,LAIAVAAQ,,,7.000000,756.461400,WT XylE apo,30.000002,756.771777,0.025267,0.079230,0.034531,4.472730,0.005805
XYLE_ECOLI,410,416,IAVAAQW,,,6.000000,758.419600,E397Q XylE apo,0.000000,758.772255,0.049993,0.000000,0.000000,5.668610,0.002311
XYLE_ECOLI,410,416,IAVAAQW,,,6.000000,758.419600,E397Q XylE apo,5.000000,758.754242,0.029078,-0.018013,0.057835,5.664736,0.002508
XYLE_ECOLI,410,416,IAVAAQW,,,6.000000,758.419600,E397Q XylE apo,30.000002,758.790799,0.034389,0.018544,0.060679,5.668806,0.002785
XYLE_ECOLI,410,416,IAVAAQW,,,6.000000,758.419600,WT XylE apo,0.000000,758.772255,0.049993,0.000000,0.000000,5.668610,0.002311
XYLE_ECOLI,410,416,IAVAAQW,,,6.000000,758.419600,WT XylE apo,5.000000,758.751603,0.049983,-0.020652,0.070694,5.669299,0.001401
XYLE_ECOLI,410,416,IAVAAQW,,,6.000000,758.419600,WT XylE apo,30.000002,758.800739,0.046395,0.028484,0.068204,5.666202,0.002963
XYLE_ECOLI,414,420,AQWLANY,,,6.000000,865.420300,E397Q XylE apo,0.000000,865.863196,0.037651,0.000000,0.000000,6.004109,0.004849
XYLE_ECOLI,414,420,AQWLANY,,,6.000000,865.420300,E397Q XylE apo,5.000000,865.932544,0.018247,0.069348,0.041840,5.998171,0.002579
XYLE_ECOLI,414,420,AQWLANY,,,6.000000,865.420300,E397Q XylE apo,30.000002,865.953277,0.051531,0.090081,0.063821,5.999520,0.001210
XYLE_ECOLI,414,420,AQWLANY,,,6.000000,865.420300,WT XylE apo,0.000000,865.863196,0.037651,0.000000,0.000000,6.004109,0.004849
XYLE_ECOLI,414,420,AQWLANY,,,6.000000,865.420300,WT XylE apo,5.000000,865.873549,0.005392,0.010353,0.038035,6.005712,0.004292
XYLE_ECOLI,414,420,AQWLANY,,,6.000000,865.420300,WT XylE apo,30.000002,865.950115,0.040173,0.086919,0.055059,5.999725,0.001026
XYLE_ECOLI,420,426,YFVSWTF,,,6.000000,949.445400,E397Q XylE apo,0.000000,949.960016,0.041485,0.000000,0.000000,7.617376,0.002668
XYLE_ECOLI,420,426,YFVSWTF,,,6.000000,949.445400,E397Q XylE apo,5.000000,950.049143,0.011936,0.089128,0.043168,7.611647,0.001652
XYLE_ECOLI,420,426,YFVSWTF,,,6.000000,949.445400,E397Q XylE apo,30.000002,949.991619,0.012238,0.031604,0.043252,7.613089,0.001718
XYLE_ECOLI,420,426,YFVSWTF,,,6.000000,949.445400,WT XylE apo,0.000000,949.960016,0.041485,0.000000,0.000000,7.617376,0.002668
XYLE_ECOLI,420,426,YFVSWTF,,,6.000000,949.445400,WT XylE apo,5.000000,950.052081,0.049793,0.092065,0.064810,7.617336,0.002914
XYLE_ECOLI,420,426,YFVSWTF,,,6.000000,949.445400,WT XylE apo,30.000002,950.053079,0.015494,0.093064,0.044284,7.614354,0.000673
XYLE_ECOLI,422,429,VSWTFPMM,,,6.000000,998.447400,E397Q XylE apo,0.000000,999.004215,0.038310,0.000000,0.000000,7.480132,0.004979
XYLE_ECOLI,422,429,VSWTFPMM,,,6.000000,998.447400,E397Q XylE apo,5.000000,999.088587,0.045061,0.084372,0.059145,7.479535,0.002468
XYLE_ECOLI,422,429,VSWTFPMM,,,6.000000,998.447400,E397Q XylE apo,30.000002,999.105451,0.019034,0.101236,0.042777,7.480132,0.001647
XYLE_ECOLI,422,429,VSWTFPMM,,,6.000000,998.447400,WT XylE apo,0.000000,999.004215,0.038310,0.000000,0.000000,7.480132,0.004979
XYLE_ECOLI,422,429,VSWTFPMM,,,6.000000,998.447400,WT XylE apo,5.000000,999.061696,0.041465,0.057480,0.056453,7.487301,0.003015
XYLE_ECOLI,422,429,VSWTFPMM,,,6.000000,998.447400,WT XylE apo,30.000002,999.076679,0.073995,0.072464,0.083324,7.479740,0.004981
XYLE_ECOLI,427,434,PMMDKNSW,,,6.000000,1008.427700,E397Q XylE apo,0.000000,1008.966783,0.046863,0.000000,0.000000,5.113262,0.008893
XYLE_ECOLI,427,434,PMMDKNSW,,,6.000000,1008.427700,E397Q XylE apo,5.000000,1009.971006,0.014858,1.004223,0.049162,5.102577,0.006185
XYLE_ECOLI,427,434,PMMDKNSW,,,6.000000,1008.427700,E397Q XylE apo,30.000002,1009.988446,0.018684,1.021663,0.050450,5.107704,0.005443
XYLE_ECOLI,427,434,PMMDKNSW,,,6.000000,1008.427700,WT XylE apo,0.000000,1009.053246,0.046563,0.000000,0.000000,5.113258,0.008627
XYLE_ECOLI,427,434,PMMDKNSW,,,6.000000,1008.427700,WT XylE apo,5.000000,1009.935444,0.032500,0.882199,0.056783,5.111686,0.003399
XYLE_ECOLI,427,434,PMMDKNSW,,,6.000000,1008.427700,WT XylE apo,30.000002,1010.027663,0.030969,0.974417,0.055921,5.106251,0.005532
XYLE_ECOLI,427,435,PMMDKNSWL,,,7.000000,1121.511800,E397Q XylE apo,0.000000,1122.261365,0.100838,0.000000,0.000000,5.925509,0.004020
XYLE_ECOLI,427,435,PMMDKNSWL,,,7.000000,1121.511800,E397Q XylE apo,5.000000,1122.991134,0.114913,0.729769,0.152883,5.917300,0.001741
XYLE_ECOLI,427,435,PMMDKNSWL,,,7.000000,1121.511800,E397Q XylE apo,30.000002,1123.194758,0.086642,0.933393,0.132948,5.922577,0.005573
XYLE_ECOLI,427,435,PMMDKNSWL,,,7.000000,1121.511800,WT XylE apo,0.000000,1122.261365,0.100838,0.000000,0.000000,5.925509,0.004020
XYLE_ECOLI,427,435,PMMDKNSWL,,,7.000000,1121.511800,WT XylE apo,5.000000,1122.955395,0.087895,0.694030,0.133768,5.920141,0.006215
XYLE_ECOLI,427,435,PMMDKNSWL,,,7.000000,1121.511800,WT XylE apo,30.000002,1123.124673,0.133482,0.863308,0.167289,5.918374,0.001750
XYLE_ECOLI,435,443,LVAHFHNGF,,,8.000000,1041.526500,E397Q XylE apo,0.000000,1042.019609,0.072792,0.000000,0.000000,4.618035,0.005801
XYLE_ECOLI,435,443,LVAHFHNGF,,,8.000000,1041.526500,E397Q XylE apo,5.000000,1042.191549,0.077446,0.171940,0.106285,4.598251,0.003191
XYLE_ECOLI,435,443,LVAHFHNGF,,,8.000000,1041.526500,E397Q XylE apo,30.000002,1042.155199,0.053789,0.135590,0.090509,4.604283,0.005507
XYLE_ECOLI,435,443,LVAHFHNGF,,,8.000000,1041.526500,WT XylE apo,0.000000,1042.029070,0.063345,0.000000,0.000000,4.618028,0.005748
XYLE_ECOLI,435,443,LVAHFHNGF,,,8.000000,1041.526500,WT XylE apo,5.000000,1042.195644,0.033333,0.166574,0.071580,4.611691,0.004935
XYLE_ECOLI,435,443,LVAHFHNGF,,,8.000000,1041.526500,WT XylE apo,30.000002,1042.274419,0.049484,0.245349,0.080382,4.608099,0.001133
XYLE_ECOLI,435,445,LVAHFHNGFSY,,,10.000000,1291.621800,E397Q XylE apo,0.000000,1292.360126,0.120485,0.000000,0.000000,4.876770,0.008145
XYLE_ECOLI,435,445,LVAHFHNGFSY,,,10.000000,1291.621800,E397Q XylE apo,5.000000,1292.496123,0.139549,0.135997,0.184365,4.866795,0.004618
XYLE_ECOLI,435,445,LVAHFHNGFSY,,,10.000000,1291.621800,E397Q XylE apo,30.000002,1292.555977,0.119850,0.195851,0.169943,4.872696,0.004315
XYLE_ECOLI,435,445,LVAHFHNGFSY,,,10.000000,1291.621800,WT XylE apo,0.000000,1292.360126,0.120485,0.000000,0.000000,4.876770,0.008145
XYLE_ECOLI,435,445,LVAHFHNGFSY,,,10.000000,1291.621800,WT XylE apo,5.000000,1292.534588,0.078385,0.174462,0.143739,4.876549,0.005743
XYLE_ECOLI,435,445,LVAHFHNGFSY,,,10.000000,1291.621800,WT XylE apo,30.000002,1292.614477,0.136020,0.254351,0.181709,4.866636,0.002778
XYLE_ECOLI,436,445,VAHFHNGFSY,,,9.000000,1178.537800,E397Q XylE apo,0.000000,1179.307946,0.075594,0.000000,0.000000,4.644179,0.005182
XYLE_ECOLI,436,445,VAHFHNGFSY,,,9.000000,1178.537800,E397Q XylE apo,5.000000,1179.426520,0.126190,0.118574,0.147100,4.634529,0.003748
XYLE_ECOLI,436,445,VAHFHNGFSY,,,9.000000,1178.537800,E397Q XylE apo,30.000002,1179.424589,0.073103,0.116643,0.105159,4.636692,0.002978
XYLE_ECOLI,436,445,VAHFHNGFSY,,,9.000000,1178.537800,WT XylE apo,0.000000,1179.307946,0.075594,0.000000,0.000000,4.644179,0.005182
XYLE_ECOLI,436,445,VAHFHNGFSY,,,9.000000,1178.537800,WT XylE apo,5.000000,1179.389128,0.064920,0.081182,0.099644,4.646267,0.008025
XYLE_ECOLI,436,445,VAHFHNGFSY,,,9.000000,1178.537800,WT XylE apo,30.000002,1179.480627,0.072662,0.172681,0.104853,4.644601,0.007308
XYLE_ECOLI,436,446,VAHFHNGFSYW,,,10.000000,1364.617100,E397Q XylE apo,0.000000,1365.422433,0.117350,0.000000,0.000000,5.754550,0.003475
XYLE_ECOLI,436,446,VAHFHNGFSYW,,,10.000000,1364.617100,E397Q XylE apo,5.000000,1365.411628,0.121523,-0.010805,0.168934,5.749412,0.002984
XYLE_ECOLI,436,446,VAHFHNGFSYW,,,10.000000,1364.617100,E397Q XylE apo,30.000002,1365.463528,0.051359,0.041095,0.128096,5.748429,0.003023
XYLE_ECOLI,436,446,VAHFHNGFSYW,,,10.000000,1364.617100,WT XylE apo,0.000000,1365.422433,0.117350,0.000000,0.000000,5.754550,0.003475
XYLE_ECOLI,436,446,VAHFHNGFSYW,,,10.000000,1364.617100,WT XylE apo,5.000000,1365.420940,0.121586,-0.001492,0.168980,5.747084,0.004623
XYLE_ECOLI,436,446,VAHFHNGFSYW,,,10.000000,1364.617100,WT XylE apo,30.000002,1365.497961,0.102975,0.075528,0.156124,5.749381,0.005402
XYLE_ECOLI,444,451,SYWIYGCM,,,7.000000,1022.411000,E397Q XylE apo,0.000000,1022.913539,0.062212,0.000000,0.000000,7.314882,0.002087
XYLE_ECOLI,444,451,SYWIYGCM,,,7.000000,1022.411000,E397Q XylE apo,5.000000,1022.926563,0.014740,0.013025,0.063935,7.311019,0.004197
XYLE_ECOLI,444,451,SYWIYGCM,,,7.000000,1022.411000,E397Q XylE apo,30.000002,1022.929291,0.025525,0.015752,0.067245,7.315496,0.001490
XYLE_ECOLI,444,451,SYWIYGCM,,,7.000000,1022.411000,WT XylE apo,0.000000,1022.913539,0.062212,0.000000,0.000000,7.314882,0.002087
XYLE_ECOLI,444,451,SYWIYGCM,,,7.000000,1022.411000,WT XylE apo,5.000000,1022.981996,0.054225,0.068457,0.082527,7.317235,0.002814
XYLE_ECOLI,444,451,SYWIYGCM,,,7.000000,1022.411000,WT XylE apo,30.000002,1022.953490,0.047560,0.039951,0.078309,7.307899,0.003214
XYLE_ECOLI,445,451,YWIYGCM,,,6.000000,935.379000,E397Q XylE apo,0.000000,935.953197,0.030760,0.000000,0.000000,7.343854,0.001979
XYLE_ECOLI,445,451,YWIYGCM,,,6.000000,935.379000,E397Q XylE apo,5.000000,935.976819,0.011056,0.023622,0.032686,7.337034,0.002490
XYLE_ECOLI,445,451,YWIYGCM,,,6.000000,935.379000,E397Q XylE apo,30.000002,936.000069,0.026837,0.046872,0.040822,7.339660,0.002350
XYLE_ECOLI,445,451,YWIYGCM,,,6.000000,935.379000,WT XylE apo,0.000000,935.953197,0.030760,0.000000,0.000000,7.343854,0.001979
XYLE_ECOLI,445,451,YWIYGCM,,,6.000000,935.379000,WT XylE apo,5.000000,935.956927,0.019222,0.003730,0.036272,7.340384,0.002382
XYLE_ECOLI,445,451,YWIYGCM,,,6.000000,935.379000,WT XylE apo,30.000002,935.968246,0.031460,0.015049,0.043999,7.335935,0.005947
XYLE_ECOLI,458,471,FMWKFVPETKGKTL,,,12.000000,1711.924000,E397Q XylE apo,0.000000,1712.876770,0.069038,0.000000,0.000000,5.373978,0.006324
XYLE_ECOLI,458,471,FMWKFVPETKGKTL,,,12.000000,1711.924000,E397Q XylE apo,5.000000,1716.012008,0.061870,3.135238,0.092705,5.366638,0.002740
XYLE_ECOLI,458,471,FMWKFVPETKGKTL,,,12.000000,1711.924000,E397Q XylE apo,30.000002,1715.895970,0.027319,3.019200,0.074247,5.371902,0.002512
XYLE_ECOLI,458,471,FMWKFVPETKGKTL,,,12.000000,1711.924000,WT XylE apo,0.000000,1712.876770,0.069038,0.000000,0.000000,5.373978,0.006324
XYLE_ECOLI,458,471,FMWKFVPETKGKTL,,,12.000000,1711.924000,WT XylE apo,5.000000,1715.901373,0.079612,3.024603,0.105377,5.371265,0.007540
XYLE_ECOLI,458,471,FMWKFVPETKGKTL,,,12.000000,1711.924000,WT XylE apo,30.000002,1716.018482,0.083887,3.141712,0.108643,5.367388,0.006322
XYLE_ECOLI,458,472,FMWKFVPETKGKTLE,,,13.000000,1840.966600,E397Q XylE apo,0.000000,1842.085277,0.084555,0.000000,0.000000,5.296549,0.003730
XYLE_ECOLI,458,472,FMWKFVPETKGKTLE,,,13.000000,1840.966600,E397Q XylE apo,5.000000,1846.047911,0.059610,3.962634,0.103455,5.288933,0.004630
XYLE_ECOLI,458,472,FMWKFVPETKGKTLE,,,13.000000,1840.966600,E397Q XylE apo,30.000002,1846.035160,0.052685,3.949882,0.099626,5.288786,0.002702
XYLE_ECOLI,458,472,FMWKFVPETKGKTLE,,,13.000000,1840.966600,WT XylE apo,0.000000,1842.085277,0.084555,0.000000,0.000000,5.296549,0.003730
XYLE_ECOLI,458,472,FMWKFVPETKGKTLE,,,13.000000,1840.966600,WT XylE apo,5.000000,1845.943670,0.187590,3.858393,0.205766,5.296322,0.005993
XYLE_ECOLI,458,472,FMWKFVPETKGKTLE,,,13.000000,1840.966600,WT XylE apo,30.000002,1846.085063,0.115988,3.999786,0.143537,5.292840,0.003961
XYLE_ECOLI,458,473,FMWKFVPETKGKTLEE,,,14.000000,1970.009200,E397Q XylE apo,0.000000,1971.614744,0.102552,0.000000,0.000000,5.289733,0.006424
XYLE_ECOLI,458,473,FMWKFVPETKGKTLEE,,,14.000000,1970.009200,E397Q XylE apo,5.000000,1975.312438,0.087413,3.697695,0.134752,5.267417,0.004828
XYLE_ECOLI,458,473,FMWKFVPETKGKTLEE,,,14.000000,1970.009200,E397Q XylE apo,30.000002,1975.304648,0.121279,3.689905,0.158826,5.276401,0.001832
XYLE_ECOLI,458,473,FMWKFVPETKGKTLEE,,,14.000000,1970.009200,WT XylE apo,0.000000,1971.614744,0.102552,0.000000,0.000000,5.289733,0.006424
XYLE_ECOLI,458,473,FMWKFVPETKGKTLEE,,,14.000000,1970.009200,WT XylE apo,5.000000,1975.056161,0.154945,3.441418,0.185808,5.283604,0.009825
XYLE_ECOLI,458,473,FMWKFVPETKGKTLEE,,,14.000000,1970.009200,WT XylE apo,30.000002,1975.144421,0.100141,3.529677,0.143336,5.276795,0.006330
XYLE_ECOLI,458,474,FMWKFVPETKGKTLEEL,,,15.000000,2083.093300,E397Q XylE apo,0.000000,2084.327430,0.069995,0.000000,0.000000,5.707643,0.005842
XYLE_ECOLI,458,474,FMWKFVPETKGKTLEEL,,,15.000000,2083.093300,E397Q XylE apo,5.000000,2089.241698,0.103536,4.914267,0.124976,5.698996,0.007969
XYLE_ECOLI,458,474,FMWKFVPETKGKTLEEL,,,15.000000,2083.093300,E397Q XylE apo,30.000002,2089.515899,0.287005,5.188468,0.295417,5.709536,0.000460
XYLE_ECOLI,458,474,FMWKFVPETKGKTLEEL,,,15.000000,2083.093300,WT XylE apo,0.000000,2084.332705,0.069018,0.000000,0.000000,5.707428,0.005966
XYLE_ECOLI,458,474,FMWKFVPETKGKTLEEL,,,15.000000,2083.093300,WT XylE apo,5.000000,2088.524833,0.072295,4.192129,0.099950,5.706481,0.003389
XYLE_ECOLI,458,474,FMWKFVPETKGKTLEEL,,,15.000000,2083.093300,WT XylE apo,30.000002,2089.201604,0.235571,4.868900,0.245473,5.695121,0.001787
XYLE_ECOLI,459,471,MWKFVPETKGKTL,,,11.000000,1564.855600,E397Q XylE apo,0.000000,1565.756624,0.089780,0.000000,0.000000,4.880984,0.010180
XYLE_ECOLI,459,471,MWKFVPETKGKTL,,,11.000000,1564.855600,E397Q XylE apo,5.000000,1569.021887,0.201753,3.265263,0.220827,4.869551,0.002888
XYLE_ECOLI,459,471,MWKFVPETKGKTL,,,11.000000,1564.855600,E397Q XylE apo,30.000002,1569.085608,0.187396,3.328984,0.207792,4.873732,0.004566
XYLE_ECOLI,459,471,MWKFVPETKGKTL,,,11.000000,1564.855600,WT XylE apo,0.000000,1565.756624,0.089780,0.000000,0.000000,4.880984,0.010180
XYLE_ECOLI,459,471,MWKFVPETKGKTL,,,11.000000,1564.855600,WT XylE apo,5.000000,1568.928230,0.165493,3.171606,0.188278,4.873833,0.003486
XYLE_ECOLI,459,471,MWKFVPETKGKTL,,,11.000000,1564.855600,WT XylE apo,30.000002,1569.121715,0.099281,3.365091,0.133855,4.869936,0.009140
XYLE_ECOLI,459,473,MWKFVPETKGKTLEE,,,13.000000,1822.940800,E397Q XylE apo,0.000000,1824.176735,0.107398,0.000000,0.000000,4.781025,0.009871
XYLE_ECOLI,459,473,MWKFVPETKGKTLEE,,,13.000000,1822.940800,E397Q XylE apo,5.000000,1828.377111,0.162940,4.200377,0.195150,4.774968,0.004154
XYLE_ECOLI,459,473,MWKFVPETKGKTLEE,,,13.000000,1822.940800,E397Q XylE apo,30.000002,1828.522412,0.201785,4.345677,0.228586,4.779782,0.003767
XYLE_ECOLI,459,473,MWKFVPETKGKTLEE,,,13.000000,1822.940800,WT XylE apo,0.000000,1824.176735,0.107398,0.000000,0.000000,4.781025,0.009871
XYLE_ECOLI,459,473,MWKFVPETKGKTLEE,,,13.000000,1822.940800,WT XylE apo,5.000000,1828.021112,0.118204,3.844377,0.159707,4.786455,0.006465
XYLE_ECOLI,459,473,MWKFVPETKGKTLEE,,,13.000000,1822.940800,WT XylE apo,30.000002,1828.276370,0.220339,4.099636,0.245119,4.781150,0.007407
XYLE_ECOLI,459,474,MWKFVPETKGKTLEEL,,,14.000000,1936.024800,E397Q XylE apo,0.000000,1937.153942,0.104225,0.000000,0.000000,5.329749,0.009562
XYLE_ECOLI,459,474,MWKFVPETKGKTLEEL,,,14.000000,1936.024800,E397Q XylE apo,5.000000,1942.593712,0.104404,5.439770,0.147523,5.321295,0.007626
XYLE_ECOLI,459,474,MWKFVPETKGKTLEEL,,,14.000000,1936.024800,E397Q XylE apo,30.000002,1942.905851,0.166143,5.751910,0.196129,5.329550,0.008392
XYLE_ECOLI,459,474,MWKFVPETKGKTLEEL,,,14.000000,1936.024800,WT XylE apo,0.000000,1937.173372,0.117194,0.000000,0.000000,5.329610,0.009516
XYLE_ECOLI,459,474,MWKFVPETKGKTLEEL,,,14.000000,1936.024800,WT XylE apo,5.000000,1941.949605,0.084614,4.776233,0.144548,5.324619,0.007242
XYLE_ECOLI,459,474,MWKFVPETKGKTLEEL,,,14.000000,1936.024800,WT XylE apo,30.000002,1942.706608,0.129810,5.533237,0.174886,5.320610,0.004457
XYLE_ECOLI,460,474,WKFVPETKGKTLEEL,,,13.000000,1804.984400,E397Q XylE apo,0.000000,1806.019231,0.072070,0.000000,0.000000,5.083097,0.003094
XYLE_ECOLI,460,474,WKFVPETKGKTLEEL,,,13.000000,1804.984400,E397Q XylE apo,5.000000,1810.864846,0.092516,4.845615,0.117275,5.078578,0.002640
XYLE_ECOLI,460,474,WKFVPETKGKTLEEL,,,13.000000,1804.984400,E397Q XylE apo,30.000002,1811.325140,0.066137,5.305909,0.097817,5.077499,0.006479
XYLE_ECOLI,460,474,WKFVPETKGKTLEEL,,,13.000000,1804.984400,WT XylE apo,0.000000,1806.019231,0.072070,0.000000,0.000000,5.083097,0.003094
XYLE_ECOLI,460,474,WKFVPETKGKTLEEL,,,13.000000,1804.984400,WT XylE apo,5.000000,1810.147887,0.051984,4.128656,0.088861,5.072330,0.002722
XYLE_ECOLI,460,474,WKFVPETKGKTLEEL,,,13.000000,1804.984400,WT XylE apo,30.000002,1810.715991,0.138195,4.696760,0.155859,5.075921,0.004908
XYLE_ECOLI,477,487,LWEPETKKTQQ,,,9.000000,1387.721600,E397Q XylE apo,0.000000,1388.416122,0.061509,0.000000,0.000000,3.903511,0.008113
XYLE_ECOLI,477,487,LWEPETKKTQQ,,,9.000000,1387.721600,E397Q XylE apo,5.000000,1392.306815,0.080824,3.890693,0.101567,3.899644,0.003865
XYLE_ECOLI,477,487,LWEPETKKTQQ,,,9.000000,1387.721600,E397Q XylE apo,30.000002,1392.224713,0.148707,3.808591,0.160926,3.900617,0.008153
XYLE_ECOLI,477,487,LWEPETKKTQQ,,,9.000000,1387.721600,WT XylE apo,0.000000,1388.416122,0.061509,0.000000,0.000000,3.903511,0.008113
XYLE_ECOLI,477,487,LWEPETKKTQQ,,,9.000000,1387.721600,WT XylE apo,5.000000,1392.070634,0.080167,3.654512,0.101045,3.912290,0.003643
XYLE_ECOLI,477,487,LWEPETKKTQQ,,,9.000000,1387.721600,WT XylE apo,30.000002,1392.237497,0.069962,3.821375,0.093156,3.897429,0.009653
XYLE_ECOLI,477,491,LWEPETKKTQQTATL,,,13.000000,1773.938100,E397Q XylE apo,0.000000,1775.146415,0.079728,0.000000,0.000000,4.548877,0.006729
XYLE_ECOLI,477,491,LWEPETKKTQQTATL,,,13.000000,1773.938100,E397Q XylE apo,5.000000,1782.335953,0.106490,7.189539,0.133029,4.527291,0.001553
XYLE_ECOLI,477,491,LWEPETKKTQQTATL,,,13.000000,1773.938100,E397Q XylE apo,30.000002,1782.262451,0.056082,7.116037,0.097477,4.535951,0.001640
XYLE_ECOLI,477,491,LWEPETKKTQQTATL,,,13.000000,1773.938100,WT XylE apo,0.000000,1775.146415,0.079728,0.000000,0.000000,4.548877,0.006729
XYLE_ECOLI,477,491,LWEPETKKTQQTATL,,,13.000000,1773.938100,WT XylE apo,5.000000,1782.286959,0.061476,7.140544,0.100677,4.537802,0.002361
XYLE_ECOLI,477,491,LWEPETKKTQQTATL,,,13.000000,1773.938100,WT XylE apo,30.000002,1782.425127,0.037898,7.278712,0.088277,4.534722,0.001106
XYLE_ECOLI,478,491,WEPETKKTQQTATL,,,12.000000,1660.854100,E397Q XylE apo,0.000000,1662.031943,0.162117,0.000000,0.000000,4.078777,0.006617
XYLE_ECOLI,478,491,WEPETKKTQQTATL,,,12.000000,1660.854100,E397Q XylE apo,5.000000,1668.106132,0.181015,6.074189,0.242999,4.068288,0.003207
XYLE_ECOLI,478,491,WEPETKKTQQTATL,,,12.000000,1660.854100,E397Q XylE apo,30.000002,1668.142536,0.076794,6.110593,0.179386,4.070884,0.005205
XYLE_ECOLI,478,491,WEPETKKTQQTATL,,,12.000000,1660.854100,WT XylE apo,0.000000,1662.019521,0.144175,0.000000,0.000000,4.078841,0.006578
XYLE_ECOLI,478,491,WEPETKKTQQTATL,,,12.000000,1660.854100,WT XylE apo,5.000000,1667.960933,0.196736,5.941413,0.243909,4.075356,0.005363
XYLE_ECOLI,478,491,WEPETKKTQQTATL,,,12.000000,1660.854100,WT XylE apo,30.000002,1667.976867,0.125994,5.957347,0.191470,4.074206,0.005286
XYLE_ECOLI,479,491,EPETKKTQQTATL,,,11.000000,1474.774800,E397Q XylE apo,0.000000,1475.487624,0.088334,0.000000,0.000000,4.546867,0.002500
XYLE_ECOLI,479,491,EPETKKTQQTATL,,,11.000000,1474.774800,E397Q XylE apo,5.000000,1481.607582,0.076225,6.119958,0.116676,4.539164,0.002116
XYLE_ECOLI,479,491,EPETKKTQQTATL,,,11.000000,1474.774800,E397Q XylE apo,30.000002,1481.579249,0.089044,6.091625,0.125427,4.548209,0.000932
XYLE_ECOLI,479,491,EPETKKTQQTATL,,,11.000000,1474.774800,WT XylE apo,0.000000,1475.487624,0.088334,0.000000,0.000000,4.546867,0.002500
XYLE_ECOLI,479,491,EPETKKTQQTATL,,,11.000000,1474.774800,WT XylE apo,5.000000,1481.487645,0.068823,6.000021,0.111980,4.545058,0.004639
XYLE_ECOLI,479,491,EPETKKTQQTATL,,,11.000000,1474.774800,WT XylE apo,30.000002,1481.613325,0.180754,6.125701,0.201183,4.543110,0.002151
XYLE_ECOLI,480,491,PETKKTQQTATL,,,10.000000,1345.732200,E397Q XylE apo,0.000000,1346.355084,0.070579,0.000000,0.000000,4.544729,0.004925
XYLE_ECOLI,480,491,PETKKTQQTATL,,,10.000000,1345.732200,E397Q XylE apo,5.000000,1352.045960,0.214735,5.690876,0.226036,4.533206,0.004698
XYLE_ECOLI,480,491,PETKKTQQTATL,,,10.000000,1345.732200,E397Q XylE apo,30.000002,1351.957358,0.122051,5.602275,0.140989,4.544688,0.005968
XYLE_ECOLI,480,491,PETKKTQQTATL,,,10.000000,1345.732200,WT XylE apo,0.000000,1346.355084,0.070579,0.000000,0.000000,4.544729,0.004925
XYLE_ECOLI,480,491,PETKKTQQTATL,,,10.000000,1345.732200,WT XylE apo,5.000000,1352.077713,0.122349,5.722630,0.141247,4.545787,0.004577
XYLE_ECOLI,480,491,PETKKTQQTATL,,,10.000000,1345.732200,WT XylE apo,30.000002,1352.063056,0.142498,5.707972,0.159020,4.545317,0.004088
