<?xml version="1.0" encoding="utf-8"?>
<ApplicationInstallerManifest>
   <DefaultInstallationDirectory>/Applications/Deuteros/</DefaultInstallationDirectory>
   <ApplicationName>Deuteros</ApplicationName>
   <ExecutableName>application/Deuteros.exe</ExecutableName>
   <GUID>8ceace70-54f0-4ccb-a54f-863c0ae0ed58</GUID>
   <ApplicationIcon>icon_48.png</ApplicationIcon>
   <Logo>default_logo.png</Logo>
   <Version>1.08</Version>
   <InstallationNotes>In the following directions, replace MR/v94 by the directory on the target machine where MATLAB is installed, or MR by the directory where the MATLAB Runtime is installed.

If the environment variable DYLD_LIBRARY_PATH is undefined, set it to the following string:

MR/v94/runtime/maci64:MR/v94/sys/os/maci64:MR/v94/bin/maci64

If it is defined, set it to the following:

${DYLD_LIBRARY_PATH}:MR/v94/runtime/maci64:MR/v94/sys/os/maci64:MR/v94/bin/maci64
</InstallationNotes>
   <Summary>Installer for Deuteros Differential HDX-MS Analysis Software (v1.08)</Summary>
   <WelcomePanelText>Deuteros 1.08
Installer for Deuteros Differential HDX-MS Analysis Software (v1.08)

Deuteros is a software designed for the analysis and visualisation of data from differential HDX-MS.

Mac Installer.

Andy Lau
andy.lau@kcl.ac.uk</WelcomePanelText>
   <MCRProducts>
      <MCRProduct>
         <ExternalProductIdentifier>35000</ExternalProductIdentifier>
      </MCRProduct>
      <MCRProduct>
         <ExternalProductIdentifier>35010</ExternalProductIdentifier>
      </MCRProduct>
   </MCRProducts>
</ApplicationInstallerManifest>