Start,End,Max Uptake,Type,Abs DU t=5 (Da),Abs DU t=30 (Da),Sum DU (Da),RFU t=5 (%),RFU t=30 (%),Sum RFU (%)
335,353,17,Deprotected,0.7422,0,1.2279,4.3659,0,7.2229
340,351,10,Deprotected,0,0,1.0069,0,0,10.069
395,409,13,Deprotected,0.833,1.1254,1.9584,6.4077,8.6569,15.0646
458,474,15,Deprotected,0.7221,0,1.0417,4.814,0,6.9447
459,474,14,Deprotected,0.6635,0,0,4.7393,0,0
460,474,13,Deprotected,0.717,0.6091,1.3261,5.5154,4.6854,10.2008
24,38,14,Protected,-0.6723,-1.2655,-1.9378,-4.8021,-9.0393,-13.8414
28,34,6,Protected,-0.5916,-1.1246,-1.7162,-9.86,-18.7433,-28.6033
28,36,8,Protected,-0.8519,-1.3251,-2.177,-10.6487,-16.5637,-27.2125
28,38,10,Protected,-1.0108,-1.4728,-2.4836,-10.108,-14.728,-24.836
30,36,6,Protected,-0.6549,-1.1995,-1.8544,-10.915,-19.9917,-30.9067
29,38,9,Protected,-0.9825,-1.4719,-2.4544,-10.9167,-16.3544,-27.2711
30,38,8,Protected,-0.8311,-1.2221,-2.0532,-10.3887,-15.2762,-25.665
31,38,7,Protected,0,-0.7304,-1.0819,0,-10.4343,-15.4557
32,38,6,Protected,0,-0.8105,-1.1786,0,-13.5083,-19.6433
31,40,9,Protected,-0.5288,-0.7654,-1.2942,-5.8756,-8.5044,-14.38
43,59,15,Protected,-0.55,-1.443,-1.993,-3.6667,-9.62,-13.2867
49,56,7,Protected,0,-1.0256,-1.3992,0,-14.6514,-19.9886
49,58,9,Protected,0,-0.9401,-1.2923,0,-10.4456,-14.3589
49,59,10,Protected,0,-1.0106,-1.393,0,-10.106,-13.93
51,58,7,Protected,0,-0.8102,-1.0613,0,-11.5743,-15.1614
51,59,8,Protected,0,-0.955,-1.2764,0,-11.9375,-15.955
